Workbook

Sheet 📊 Дашборд
A1: ДАШБОРД · АВТОМАТИЗАЦИЯ СЦ СОЛВО 2026
A4: Всего задач | B4: Выполнено | C4: В работе | D4: Ч/часов (оценка) | E4: % выполнено
A5: ='Судовые документы'!A4+'Таможенные документы'!A4+'Экспортные грузы'!A4+Терминал!A4+'ЖД грузы'!A4 -> 43 | B5: ='Судовые документы'!B4+'Таможенные документы'!B4+'Экспортные грузы'!B4+Терминал!B4+'ЖД грузы'!B4 -> 14 | C5: ='Судовые документы'!C4+'Таможенные документы'!C4+'Экспортные грузы'!C4+Терминал!C4+'ЖД грузы'!C4 -> 7 | D5: ='Судовые документы'!D4+'Таможенные документы'!D4+'Экспортные грузы'!D4+Терминал!D4+'ЖД грузы'!D4 -> 3231 | E5: =IF(('Судовые документы'!A4+'Таможенные документы'!A4+'Экспортные грузы'!A4+Терминал!A4+'ЖД грузы'!A4)=0,0,('Судовые документы'!B4+'Таможенные документы'!B4+'Экспортные грузы'!B4+Терминал!B4+'ЖД грузы'!B4)/('Судовые документы'!A4+'Таможенные документы'!A4+'Экспортные грузы'!A4+Терминал!A4+'ЖД грузы'!A4)) -> 0.3255814
D6: =IFERROR(D5='📋 Реестр'!I52,"0") -> TRUE
A7: Категория / Раздел | B7: Всего | C7: Выполнено | D7: В работе | E7: Ч/часов | F7: % готовности
A8: Обработка судовых документов | B8: ='Судовые документы'!A4 -> 7 | C8: ='Судовые документы'!B4 -> 2 | D8: ='Судовые документы'!C4 -> 3 | E8: ='Судовые документы'!D4 -> 513 | F8: =IF('Судовые документы'!A4=0,0,'Судовые документы'!B4/'Судовые документы'!A4) -> 0.28571429
A9: Оформление таможенных документов | B9: ='Таможенные документы'!A4 -> 5 | C9: ='Таможенные документы'!B4 -> 1 | D9: ='Таможенные документы'!C4 -> 0 | E9: ='Таможенные документы'!D4 -> 780 | F9: =IF('Таможенные документы'!A4=0,0,'Таможенные документы'!B4/'Таможенные документы'!A4) -> 0.2
A10: Оформление экспортных грузов | B10: ='Экспортные грузы'!A4 -> 5 | C10: ='Экспортные грузы'!B4 -> 2 | D10: ='Экспортные грузы'!C4 -> 1 | E10: ='Экспортные грузы'!D4 -> 532 | F10: =IF('Экспортные грузы'!A4=0,0,'Экспортные грузы'!B4/'Экспортные грузы'!A4) -> 0.4
A11: Терминальные операции | B11: =Терминал!A4 -> 16 | C11: =Терминал!B4 -> 8 | D11: =Терминал!C4 -> 2 | E11: =Терминал!D4 -> 1231 | F11: =IF(Терминал!A4=0,0,Терминал!B4/Терминал!A4) -> 0.5
A12: Документальное оформление ЖД грузов | B12: ='ЖД грузы'!A4 -> 10 | C12: ='ЖД грузы'!B4 -> 1 | D12: ='ЖД грузы'!C4 -> 1 | E12: ='ЖД грузы'!D4 -> 175 | F12: =IF('ЖД грузы'!A4=0,0,'ЖД грузы'!B4/'ЖД грузы'!A4) -> 0.1
A13: ИТОГО | B13: =SUM(B8:B12) -> 43 | C13: =SUM(C8:C12) -> 14 | D13: =SUM(D8:D12) -> 7 | E13: =SUM(E8:E12) -> 3231 | F13: =IF(B13=0,0,C13/B13) -> 0.3255814
A15: Разбивка по статусу СОЛВО | E15: Задачи по релизам
A16: Установлено | B16: =COUNTIF('Судовые документы'!G6:G12,"Установлено")+COUNTIF('Таможенные документы'!G6:G10,"Установлено")+COUNTIF('Экспортные грузы'!G6:G10,"Установлено")+COUNTIF(Терминал!G6:G21,"Установлено")+COUNTIF('ЖД грузы'!G6:G15,"Установлено") -> 12 | C16: =IF(('Судовые документы'!A4+'Таможенные документы'!A4+'Экспортные грузы'!A4+Терминал!A4+'ЖД грузы'!A4)=0,0,B16/('Судовые документы'!A4+'Таможенные документы'!A4+'Экспортные грузы'!A4+Терминал!A4+'ЖД грузы'!A4)) -> 0.27906977 | E16: Релиз | F16: Кол-во задач | G16: Ч/часов
A17: ОПЭ | B17: =COUNTIF('Судовые документы'!G6:G12,"ОПЭ")+COUNTIF('Таможенные документы'!G6:G10,"ОПЭ")+COUNTIF('Экспортные грузы'!G6:G10,"ОПЭ")+COUNTIF(Терминал!G6:G21,"ОПЭ")+COUNTIF('ЖД грузы'!G6:G15,"ОПЭ") -> 0 | C17: =IF(('Судовые документы'!A4+'Таможенные документы'!A4+'Экспортные грузы'!A4+Терминал!A4+'ЖД грузы'!A4)=0,0,B17/('Судовые документы'!A4+'Таможенные документы'!A4+'Экспортные грузы'!A4+Терминал!A4+'ЖД грузы'!A4)) -> 0 | E17: 7.4.4 | F17: =COUNTIF('Судовые документы'!H6:H12,"7.4.4")+COUNTIF('Таможенные документы'!H6:H10,"7.4.4")+COUNTIF('Экспортные грузы'!H6:H10,"7.4.4")+COUNTIF(Терминал!H6:H21,"7.4.4")+COUNTIF('ЖД грузы'!H6:H15,"7.4.4") -> 1 | G17: =SUMIF('Судовые документы'!H6:H12,"7.4.4",'Судовые документы'!I6:I12)+SUMIF('Таможенные документы'!H6:H10,"7.4.4",'Таможенные документы'!I6:I10)+SUMIF('Экспортные грузы'!H6:H10,"7.4.4",'Экспортные грузы'!I6:I10)+SUMIF(Терминал!H6:H21,"7.4.4",Терминал!I6:I21)+SUMIF('ЖД грузы'!H6:H15,"7.4.4",'ЖД грузы'!I6:I15) -> 780
A18: Тестирование | B18: =COUNTIF('Судовые документы'!G6:G12,"Тестирование")+COUNTIF('Таможенные документы'!G6:G10,"Тестирование")+COUNTIF('Экспортные грузы'!G6:G10,"Тестирование")+COUNTIF(Терминал!G6:G21,"Тестирование")+COUNTIF('ЖД грузы'!G6:G15,"Тестирование") -> 6 | C18: =IF(('Судовые документы'!A4+'Таможенные документы'!A4+'Экспортные грузы'!A4+Терминал!A4+'ЖД грузы'!A4)=0,0,B18/('Судовые документы'!A4+'Таможенные документы'!A4+'Экспортные грузы'!A4+Терминал!A4+'ЖД грузы'!A4)) -> 0.13953488 | E18: 7.4.5 | F18: =COUNTIF('Судовые документы'!H6:H12,"7.4.5")+COUNTIF('Таможенные документы'!H6:H10,"7.4.5")+COUNTIF('Экспортные грузы'!H6:H10,"7.4.5")+COUNTIF(Терминал!H6:H21,"7.4.5")+COUNTIF('ЖД грузы'!H6:H15,"7.4.5") -> 2 | G18: =SUMIF('Судовые документы'!H6:H12,"7.4.5",'Судовые документы'!I6:I12)+SUMIF('Таможенные документы'!H6:H10,"7.4.5",'Таможенные документы'!I6:I10)+SUMIF('Экспортные грузы'!H6:H10,"7.4.5",'Экспортные грузы'!I6:I10)+SUMIF(Терминал!H6:H21,"7.4.5",Терминал!I6:I21)+SUMIF('ЖД грузы'!H6:H15,"7.4.5",'ЖД грузы'!I6:I15) -> 110
A19: В работе | B19: =COUNTIF('Судовые документы'!G6:G12,"В работе")+COUNTIF('Таможенные документы'!G6:G10,"В работе")+COUNTIF('Экспортные грузы'!G6:G10,"В работе")+COUNTIF(Терминал!G6:G21,"В работе")+COUNTIF('ЖД грузы'!G6:G15,"В работе") -> 0 | C19: =IF(('Судовые документы'!A4+'Таможенные документы'!A4+'Экспортные грузы'!A4+Терминал!A4+'ЖД грузы'!A4)=0,0,B19/('Судовые документы'!A4+'Таможенные документы'!A4+'Экспортные грузы'!A4+Терминал!A4+'ЖД грузы'!A4)) -> 0 | E19: 7.4.7 | F19: =COUNTIF('Судовые документы'!H6:H12,"7.4.7")+COUNTIF('Таможенные документы'!H6:H10,"7.4.7")+COUNTIF('Экспортные грузы'!H6:H10,"7.4.7")+COUNTIF(Терминал!H6:H21,"7.4.7")+COUNTIF('ЖД грузы'!H6:H15,"7.4.7") -> 3 | G19: =SUMIF('Судовые документы'!H6:H12,"7.4.7",'Судовые документы'!I6:I12)+SUMIF('Таможенные документы'!H6:H10,"7.4.7",'Таможенные документы'!I6:I10)+SUMIF('Экспортные грузы'!H6:H10,"7.4.7",'Экспортные грузы'!I6:I10)+SUMIF(Терминал!H6:H21,"7.4.7",Терминал!I6:I21)+SUMIF('ЖД грузы'!H6:H15,"7.4.7",'ЖД грузы'!I6:I15) -> 220
A20: Разработка | B20: =COUNTIF('Судовые документы'!G6:G12,"Разработка")+COUNTIF('Таможенные документы'!G6:G10,"Разработка")+COUNTIF('Экспортные грузы'!G6:G10,"Разработка")+COUNTIF(Терминал!G6:G21,"Разработка")+COUNTIF('ЖД грузы'!G6:G15,"Разработка") -> 1 | C20: =IF(('Судовые документы'!A4+'Таможенные документы'!A4+'Экспортные грузы'!A4+Терминал!A4+'ЖД грузы'!A4)=0,0,B20/('Судовые документы'!A4+'Таможенные документы'!A4+'Экспортные грузы'!A4+Терминал!A4+'ЖД грузы'!A4)) -> 0.023255814 | E20: 7.4.8 | F20: =COUNTIF('Судовые документы'!H6:H12,"7.4.8")+COUNTIF('Таможенные документы'!H6:H10,"7.4.8")+COUNTIF('Экспортные грузы'!H6:H10,"7.4.8")+COUNTIF(Терминал!H6:H21,"7.4.8")+COUNTIF('ЖД грузы'!H6:H15,"7.4.8") -> 4 | G20: =SUMIF('Судовые документы'!H6:H12,"7.4.8",'Судовые документы'!I6:I12)+SUMIF('Таможенные документы'!H6:H10,"7.4.8",'Таможенные документы'!I6:I10)+SUMIF('Экспортные грузы'!H6:H10,"7.4.8",'Экспортные грузы'!I6:I10)+SUMIF(Терминал!H6:H21,"7.4.8",Терминал!I6:I21)+SUMIF('ЖД грузы'!H6:H15,"7.4.8",'ЖД грузы'!I6:I15) -> 214
A21: Аналитика | B21: =COUNTIF('Судовые документы'!G6:G12,"Аналитика")+COUNTIF('Таможенные документы'!G6:G10,"Аналитика")+COUNTIF('Экспортные грузы'!G6:G10,"Аналитика")+COUNTIF(Терминал!G6:G21,"Аналитика")+COUNTIF('ЖД грузы'!G6:G15,"Аналитика") -> 9 | C21: =IF(('Судовые документы'!A4+'Таможенные документы'!A4+'Экспортные грузы'!A4+Терминал!A4+'ЖД грузы'!A4)=0,0,B21/('Судовые документы'!A4+'Таможенные документы'!A4+'Экспортные грузы'!A4+Терминал!A4+'ЖД грузы'!A4)) -> 0.20930233 | E21: 7.4.9 | F21: =COUNTIF('Судовые документы'!H6:H12,"7.4.9")+COUNTIF('Таможенные документы'!H6:H10,"7.4.9")+COUNTIF('Экспортные грузы'!H6:H10,"7.4.9")+COUNTIF(Терминал!H6:H21,"7.4.9")+COUNTIF('ЖД грузы'!H6:H15,"7.4.9") -> 4 | G21: =SUMIF('Судовые документы'!H6:H12,"7.4.9",'Судовые документы'!I6:I12)+SUMIF('Таможенные документы'!H6:H10,"7.4.9",'Таможенные документы'!I6:I10)+SUMIF('Экспортные грузы'!H6:H10,"7.4.9",'Экспортные грузы'!I6:I10)+SUMIF(Терминал!H6:H21,"7.4.9",Терминал!I6:I21)+SUMIF('ЖД грузы'!H6:H15,"7.4.9",'ЖД грузы'!I6:I15) -> 441
A22: Оценка | B22: =COUNTIF('Судовые документы'!G6:G12,"Оценка")+COUNTIF('Таможенные документы'!G6:G10,"Оценка")+COUNTIF('Экспортные грузы'!G6:G10,"Оценка")+COUNTIF(Терминал!G6:G21,"Оценка")+COUNTIF('ЖД грузы'!G6:G15,"Оценка") -> 4 | C22: =IF(('Судовые документы'!A4+'Таможенные документы'!A4+'Экспортные грузы'!A4+Терминал!A4+'ЖД грузы'!A4)=0,0,B22/('Судовые документы'!A4+'Таможенные документы'!A4+'Экспортные грузы'!A4+Терминал!A4+'ЖД грузы'!A4)) -> 0.093023256 | E22: 7.4.10 | F22: =COUNTIF('Судовые документы'!H6:H12,"7.4.10")+COUNTIF('Таможенные документы'!H6:H10,"7.4.10")+COUNTIF('Экспортные грузы'!H6:H10,"7.4.10")+COUNTIF(Терминал!H6:H21,"7.4.10")+COUNTIF('ЖД грузы'!H6:H15,"7.4.10") -> 8 | G22: =SUMIF('Судовые документы'!H6:H12,"7.4.10",'Судовые документы'!I6:I12)+SUMIF('Таможенные документы'!H6:H10,"7.4.10",'Таможенные документы'!I6:I10)+SUMIF('Экспортные грузы'!H6:H10,"7.4.10",'Экспортные грузы'!I6:I10)+SUMIF(Терминал!H6:H21,"7.4.10",Терминал!I6:I21)+SUMIF('ЖД грузы'!H6:H15,"7.4.10",'ЖД грузы'!I6:I15) -> 892
A23: Ожидает рассмотрения | B23: =COUNTIF('Судовые документы'!G6:G12,"Ожидает рассмотрения")+COUNTIF('Таможенные документы'!G6:G10,"Ожидает рассмотрения")+COUNTIF('Экспортные грузы'!G6:G10,"Ожидает рассмотрения")+COUNTIF(Терминал!G6:G21,"Ожидает рассмотрения")+COUNTIF('ЖД грузы'!G6:G15,"Ожидает рассмотрения") -> 6 | C23: =IF(('Судовые документы'!A4+'Таможенные документы'!A4+'Экспортные грузы'!A4+Терминал!A4+'ЖД грузы'!A4)=0,0,B23/('Судовые документы'!A4+'Таможенные документы'!A4+'Экспортные грузы'!A4+Терминал!A4+'ЖД грузы'!A4)) -> 0.13953488 | E23: 7.4.11 | F23: =COUNTIF('Судовые документы'!H6:H12,"7.4.11")+COUNTIF('Таможенные документы'!H6:H10,"7.4.11")+COUNTIF('Экспортные грузы'!H6:H10,"7.4.11")+COUNTIF(Терминал!H6:H21,"7.4.11")+COUNTIF('ЖД грузы'!H6:H15,"7.4.11") -> 16 | G23: =SUMIF('Судовые документы'!H6:H12,"7.4.11",'Судовые документы'!I6:I12)+SUMIF('Таможенные документы'!H6:H10,"7.4.11",'Таможенные документы'!I6:I10)+SUMIF('Экспортные грузы'!H6:H10,"7.4.11",'Экспортные грузы'!I6:I10)+SUMIF(Терминал!H6:H21,"7.4.11",Терминал!I6:I21)+SUMIF('ЖД грузы'!H6:H15,"7.4.11",'ЖД грузы'!I6:I15) -> 574
A24: Приостановлена | B24: =COUNTIF('Судовые документы'!G6:G12,"Приостановлена")+COUNTIF('Таможенные документы'!G6:G10,"Приостановлена")+COUNTIF('Экспортные грузы'!G6:G10,"Приостановлена")+COUNTIF(Терминал!G6:G21,"Приостановлена")+COUNTIF('ЖД грузы'!G6:G15,"Приостановлена") -> 1 | C24: =IF(('Судовые документы'!A4+'Таможенные документы'!A4+'Экспортные грузы'!A4+Терминал!A4+'ЖД грузы'!A4)=0,0,B24/('Судовые документы'!A4+'Таможенные документы'!A4+'Экспортные грузы'!A4+Терминал!A4+'ЖД грузы'!A4)) -> 0.023255814 | E24: 7.4.12 | F24: =COUNTIF('Судовые документы'!H6:H12,"7.4.12")+COUNTIF('Таможенные документы'!H6:H10,"7.4.12")+COUNTIF('Экспортные грузы'!H6:H10,"7.4.12")+COUNTIF(Терминал!H6:H21,"7.4.12")+COUNTIF('ЖД грузы'!H6:H15,"7.4.12") -> 0 | G24: =SUMIF('Судовые документы'!H6:H12,"7.4.12",'Судовые документы'!I6:I12)+SUMIF('Таможенные документы'!H6:H10,"7.4.12",'Таможенные документы'!I6:I10)+SUMIF('Экспортные грузы'!H6:H10,"7.4.12",'Экспортные грузы'!I6:I10)+SUMIF(Терминал!H6:H21,"7.4.12",Терминал!I6:I21)+SUMIF('ЖД грузы'!H6:H15,"7.4.12",'ЖД грузы'!I6:I15) -> 0
A25: На приемке | B25: =COUNTIF('Судовые документы'!G6:G12,"На приемке")+COUNTIF('Таможенные документы'!G6:G10,"На приемке")+COUNTIF('Экспортные грузы'!G6:G10,"На приемке")+COUNTIF(Терминал!G6:G21,"На приемке")+COUNTIF('ЖД грузы'!G6:G15,"На приемке") -> 0 | C25: =IF(('Судовые документы'!A4+'Таможенные документы'!A4+'Экспортные грузы'!A4+Терминал!A4+'ЖД грузы'!A4)=0,0,B25/('Судовые документы'!A4+'Таможенные документы'!A4+'Экспортные грузы'!A4+Терминал!A4+'ЖД грузы'!A4)) -> 0 | E25: Не СОЛВО | F25: =COUNTIF('Судовые документы'!H6:H12,"Не СОЛВО")+COUNTIF('Таможенные документы'!H6:H10,"Не СОЛВО")+COUNTIF('Экспортные грузы'!H6:H10,"Не СОЛВО")+COUNTIF(Терминал!H6:H21,"Не СОЛВО")+COUNTIF('ЖД грузы'!H6:H15,"Не СОЛВО") -> 2 | G25: =SUMIF('Судовые документы'!H7:H13,"Не СОЛВО",'Судовые документы'!I7:I13)+SUMIF('Таможенные документы'!H7:H11,"Не СОЛВО",'Таможенные документы'!I7:I11)+SUMIF('Экспортные грузы'!H7:H11,"Не СОЛВО",'Экспортные грузы'!I7:I11)+SUMIF(Терминал!H7:H22,"Не СОЛВО",Терминал!I7:I22)+SUMIF('ЖД грузы'!H7:H16,"Не СОЛВО",'ЖД грузы'!I7:I16) -> 0
A26: Не СОЛВО | B26: =COUNTIF('Судовые документы'!G6:G12,"Не СОЛВО")+COUNTIF('Таможенные документы'!G6:G10,"Не СОЛВО")+COUNTIF('Экспортные грузы'!G6:G10,"Не СОЛВО")+COUNTIF(Терминал!G6:G21,"Не СОЛВО")+COUNTIF('ЖД грузы'!G6:G15,"Не СОЛВО") -> 2 | C26: =IF(('Судовые документы'!A4+'Таможенные документы'!A4+'Экспортные грузы'!A4+Терминал!A4+'ЖД грузы'!A4)=0,0,B26/('Судовые документы'!A4+'Таможенные документы'!A4+'Экспортные грузы'!A4+Терминал!A4+'ЖД грузы'!A4)) -> 0.046511628 | E26: Н/Д | F26: =COUNTIF('Судовые документы'!H6:H12,"Н/Д")+COUNTIF('Таможенные документы'!H6:H10,"Н/Д")+COUNTIF('Экспортные грузы'!H6:H10,"Н/Д")+COUNTIF(Терминал!H6:H21,"Н/Д")+COUNTIF('ЖД грузы'!H6:H15,"Н/Д") -> 3 | G26: =SUMIF('Судовые документы'!H8:H14,"7.4.12",'Судовые документы'!I8:I14)+SUMIF('Таможенные документы'!H8:H12,"7.4.12",'Таможенные документы'!I8:I12)+SUMIF('Экспортные грузы'!H8:H12,"7.4.12",'Экспортные грузы'!I8:I12)+SUMIF(Терминал!H8:H23,"7.4.12",Терминал!I8:I23)+SUMIF('ЖД грузы'!H8:H17,"7.4.12",'ЖД грузы'!I8:I17) -> 0
A27: Н/Д | B27: =COUNTIF('Судовые документы'!H6:H12,"Н/Д")+COUNTIF('Таможенные документы'!H6:H10,"Н/Д")+COUNTIF('Экспортные грузы'!H6:H10,"Н/Д")+COUNTIF(Терминал!H6:H21,"Н/Д")+COUNTIF('ЖД грузы'!H6:H15,"Н/Д") -> 3 | C27: =IF(('Судовые документы'!A4+'Таможенные документы'!A4+'Экспортные грузы'!A4+Терминал!A4+'ЖД грузы'!A4)=0,0,B27/('Судовые документы'!A4+'Таможенные документы'!A4+'Экспортные грузы'!A4+Терминал!A4+'ЖД грузы'!A4)) -> 0.069767442 | E27: Итого | F27: =IFERROR(SUM(F17:F26),"0") -> 43 | G27: =IFERROR(SUM(G17:G25),"0") -> 3231
A28: Итого | B28: =IFERROR(SUM(B16:B27),"0") -> 44 | C28: =SUM(C16:C27) -> 1.0232558
A29: 💡 Вноси данные на листах разделов → Реестр и Дашборд обновляются автоматически

Sheet 📋 Реестр
A1: РЕЕСТР ЗАДАЧ АВТОМАТИЗАЦИИ СЦ СОЛВО 2026
A2: Сводный реестр — данные подтягиваются автоматически из листов по разделам. Правки вноси на листах разделов.
A3: № | B3: Номер заявки | C3: Наименование | D3: Описание задачи | E3: Срок | F3: Статус СЦ | G3: Статус СОЛВО | H3: Релиз | I3: Ч/часов | J3: Оценена | K3: Категория | L3: Приоритет | M3: Примечания
A4: ▸ Обработка судовых документов
A5: ='Судовые документы'!A6 -> 1 | B5: ='Судовые документы'!B6 -> 4SC-1-RQ-CR-789 #3297986 | C5: ='Судовые документы'!C6 -> Автоматизация ДО 1 | D5: =IFERROR(IF(K5="Обработка судовых документов",INDEX('Судовые документы'!D:D,MATCH(A5,'Судовые документы'!A:A,0)),IF(K5="Оформление таможенных документов",INDEX('Таможенные документы'!D:D,MATCH(A5,'Таможенные документы'!A:A,0)),IF(K5="Оформление экспортных грузов",INDEX('Экспортные грузы'!D:D,MATCH(A5,'Экспортные грузы'!A:A,0)),IF(K5="Терминальные операции",INDEX(Терминал!D:D,MATCH(A5,Терминал!A:A,0)),IF(K5="Документальное оформление ЖД грузов",INDEX('ЖД грузы'!D:D,MATCH(A5,'ЖД грузы'!A:A,0)),""))))),"") -> Корректное формирование ДО1 для контейнеров с признаком SOC | E5: =IFERROR(IF(K5="Обработка судовых документов",INDEX('Судовые документы'!E:E,MATCH(A5,'Судовые документы'!A:A,0)),IF(K5="Оформление таможенных документов",INDEX('Таможенные документы'!E:E,MATCH(A5,'Таможенные документы'!A:A,0)),IF(K5="Оформление экспортных грузов",INDEX('Экспортные грузы'!E:E,MATCH(A5,'Экспортные грузы'!A:A,0)),IF(K5="Терминальные операции",INDEX(Терминал!E:E,MATCH(A5,Терминал!A:A,0)),IF(K5="Документальное оформление ЖД грузов",INDEX('ЖД грузы'!E:E,MATCH(A5,'ЖД грузы'!A:A,0)),""))))),"") -> май 2026 | F5: =IFERROR(IF(K5="Обработка судовых документов",INDEX('Судовые документы'!F:F,MATCH(A5,'Судовые документы'!A:A,0)),IF(K5="Оформление таможенных документов",INDEX('Таможенные документы'!F:F,MATCH(A5,'Таможенные документы'!A:A,0)),IF(K5="Оформление экспортных грузов",INDEX('Экспортные грузы'!F:F,MATCH(A5,'Экспортные грузы'!A:A,0)),IF(K5="Терминальные операции",INDEX(Терминал!F:F,MATCH(A5,Терминал!A:A,0)),IF(K5="Документальное оформление ЖД грузов",INDEX('ЖД грузы'!F:F,MATCH(A5,'ЖД грузы'!A:A,0)),""))))),"") -> В работе | G5: =IFERROR(IF(K5="Обработка судовых документов",INDEX('Судовые документы'!G:G,MATCH(A5,'Судовые документы'!A:A,0)),IF(K5="Оформление таможенных документов",INDEX('Таможенные документы'!G:G,MATCH(A5,'Таможенные документы'!A:A,0)),IF(K5="Оформление экспортных грузов",INDEX('Экспортные грузы'!G:G,MATCH(A5,'Экспортные грузы'!A:A,0)),IF(K5="Терминальные операции",INDEX(Терминал!G:G,MATCH(A5,Терминал!A:A,0)),IF(K5="Документальное оформление ЖД грузов",INDEX('ЖД грузы'!G:G,MATCH(A5,'ЖД грузы'!A:A,0)),""))))),"") -> Тестирование | H5: =IFERROR(IF(K5="Обработка судовых документов",INDEX('Судовые документы'!H:H,MATCH(A5,'Судовые документы'!A:A,0)),IF(K5="Оформление таможенных документов",INDEX('Таможенные документы'!H:H,MATCH(A5,'Таможенные документы'!A:A,0)),IF(K5="Оформление экспортных грузов",INDEX('Экспортные грузы'!H:H,MATCH(A5,'Экспортные грузы'!A:A,0)),IF(K5="Терминальные операции",INDEX(Терминал!H:H,MATCH(A5,Терминал!A:A,0)),IF(K5="Документальное оформление ЖД грузов",INDEX('ЖД грузы'!H:H,MATCH(A5,'ЖД грузы'!A:A,0)),""))))),"") -> 7.4.10 | I5: =IFERROR(IF(K5="Обработка судовых документов",INDEX('Судовые документы'!I:I,MATCH(A5,'Судовые документы'!A:A,0)),IF(K5="Оформление таможенных документов",INDEX('Таможенные документы'!I:I,MATCH(A5,'Таможенные документы'!A:A,0)),IF(K5="Оформление экспортных грузов",INDEX('Экспортные грузы'!I:I,MATCH(A5,'Экспортные грузы'!A:A,0)),IF(K5="Терминальные операции",INDEX(Терминал!I:I,MATCH(A5,Терминал!A:A,0)),IF(K5="Документальное оформление ЖД грузов",INDEX('ЖД грузы'!I:I,MATCH(A5,'ЖД грузы'!A:A,0)),""))))),"") -> 235 | J5: =IFERROR(IF(K5="Обработка судовых документов",INDEX('Судовые документы'!J:J,MATCH(A5,'Судовые документы'!A:A,0)),IF(K5="Оформление таможенных документов",INDEX('Таможенные документы'!J:J,MATCH(A5,'Таможенные документы'!A:A,0)),IF(K5="Оформление экспортных грузов",INDEX('Экспортные грузы'!J:J,MATCH(A5,'Экспортные грузы'!A:A,0)),IF(K5="Терминальные операции",INDEX(Терминал!J:J,MATCH(A5,Терминал!A:A,0)),IF(K5="Документальное оформление ЖД грузов",INDEX('ЖД грузы'!J:J,MATCH(A5,'ЖД грузы'!A:A,0)),""))))),"") -> Да | K5: Обработка судовых документов | L5: =IFERROR(IF(K5="Обработка судовых документов",INDEX('Судовые документы'!L:L,MATCH(A5,'Судовые документы'!A:A,0)),IF(K5="Оформление таможенных документов",INDEX('Таможенные документы'!L:L,MATCH(A5,'Таможенные документы'!A:A,0)),IF(K5="Оформление экспортных грузов",INDEX('Экспортные грузы'!L:L,MATCH(A5,'Экспортные грузы'!A:A,0)),IF(K5="Терминальные операции",INDEX(Терминал!L:L,MATCH(A5,Терминал!A:A,0)),IF(K5="Документальное оформление ЖД грузов",INDEX('ЖД грузы'!L:L,MATCH(A5,'ЖД грузы'!A:A,0)),""))))),"") -> Средний | M5: =IFERROR(IF(K5="Обработка судовых документов",INDEX('Судовые документы'!K:K,MATCH(A5,'Судовые документы'!A:A,0)),IF(K5="Оформление таможенных документов",INDEX('Таможенные документы'!K:K,MATCH(A5,'Таможенные документы'!A:A,0)),IF(K5="Оформление экспортных грузов",INDEX('Экспортные грузы'!K:K,MATCH(A5,'Экспортные грузы'!A:A,0)),IF(K5="Терминальные операции",INDEX(Терминал!K:K,MATCH(A5,Терминал!A:A,0)),IF(K5="Документальное оформление ЖД грузов",INDEX('ЖД грузы'!K:K,MATCH(A5,'ЖД грузы'!A:A,0)),""))))),"") -> 0
A6: ='Судовые документы'!A7 -> 2 | B6: ='Судовые документы'!B7 -> 3323631 | C6: ='Судовые документы'!C7 -> Автоматизация ДО 1 | D6: =IFERROR(IF(K6="Обработка судовых документов",INDEX('Судовые документы'!D:D,MATCH(A6,'Судовые документы'!A:A,0)),IF(K6="Оформление таможенных документов",INDEX('Таможенные документы'!D:D,MATCH(A6,'Таможенные документы'!A:A,0)),IF(K6="Оформление экспортных грузов",INDEX('Экспортные грузы'!D:D,MATCH(A6,'Экспортные грузы'!A:A,0)),IF(K6="Терминальные операции",INDEX(Терминал!D:D,MATCH(A6,Терминал!A:A,0)),IF(K6="Документальное оформление ЖД грузов",INDEX('ЖД грузы'!D:D,MATCH(A6,'ЖД грузы'!A:A,0)),""))))),"") -> Некорректный вес в ген. Акте из-за дублирования веса тары | E6: =IFERROR(IF(K6="Обработка судовых документов",INDEX('Судовые документы'!E:E,MATCH(A6,'Судовые документы'!A:A,0)),IF(K6="Оформление таможенных документов",INDEX('Таможенные документы'!E:E,MATCH(A6,'Таможенные документы'!A:A,0)),IF(K6="Оформление экспортных грузов",INDEX('Экспортные грузы'!E:E,MATCH(A6,'Экспортные грузы'!A:A,0)),IF(K6="Терминальные операции",INDEX(Терминал!E:E,MATCH(A6,Терминал!A:A,0)),IF(K6="Документальное оформление ЖД грузов",INDEX('ЖД грузы'!E:E,MATCH(A6,'ЖД грузы'!A:A,0)),""))))),"") -> май 2026 | F6: =IFERROR(IF(K6="Обработка судовых документов",INDEX('Судовые документы'!F:F,MATCH(A6,'Судовые документы'!A:A,0)),IF(K6="Оформление таможенных документов",INDEX('Таможенные документы'!F:F,MATCH(A6,'Таможенные документы'!A:A,0)),IF(K6="Оформление экспортных грузов",INDEX('Экспортные грузы'!F:F,MATCH(A6,'Экспортные грузы'!A:A,0)),IF(K6="Терминальные операции",INDEX(Терминал!F:F,MATCH(A6,Терминал!A:A,0)),IF(K6="Документальное оформление ЖД грузов",INDEX('ЖД грузы'!F:F,MATCH(A6,'ЖД грузы'!A:A,0)),""))))),"") -> Приостановлена | G6: =IFERROR(IF(K6="Обработка судовых документов",INDEX('Судовые документы'!G:G,MATCH(A6,'Судовые документы'!A:A,0)),IF(K6="Оформление таможенных документов",INDEX('Таможенные документы'!G:G,MATCH(A6,'Таможенные документы'!A:A,0)),IF(K6="Оформление экспортных грузов",INDEX('Экспортные грузы'!G:G,MATCH(A6,'Экспортные грузы'!A:A,0)),IF(K6="Терминальные операции",INDEX(Терминал!G:G,MATCH(A6,Терминал!A:A,0)),IF(K6="Документальное оформление ЖД грузов",INDEX('ЖД грузы'!G:G,MATCH(A6,'ЖД грузы'!A:A,0)),""))))),"") -> Тестирование | H6: =IFERROR(IF(K6="Обработка судовых документов",INDEX('Судовые документы'!H:H,MATCH(A6,'Судовые документы'!A:A,0)),IF(K6="Оформление таможенных документов",INDEX('Таможенные документы'!H:H,MATCH(A6,'Таможенные документы'!A:A,0)),IF(K6="Оформление экспортных грузов",INDEX('Экспортные грузы'!H:H,MATCH(A6,'Экспортные грузы'!A:A,0)),IF(K6="Терминальные операции",INDEX(Терминал!H:H,MATCH(A6,Терминал!A:A,0)),IF(K6="Документальное оформление ЖД грузов",INDEX('ЖД грузы'!H:H,MATCH(A6,'ЖД грузы'!A:A,0)),""))))),"") -> 7.4.10 | I6: =IFERROR(IF(K6="Обработка судовых документов",INDEX('Судовые документы'!I:I,MATCH(A6,'Судовые документы'!A:A,0)),IF(K6="Оформление таможенных документов",INDEX('Таможенные документы'!I:I,MATCH(A6,'Таможенные документы'!A:A,0)),IF(K6="Оформление экспортных грузов",INDEX('Экспортные грузы'!I:I,MATCH(A6,'Экспортные грузы'!A:A,0)),IF(K6="Терминальные операции",INDEX(Терминал!I:I,MATCH(A6,Терминал!A:A,0)),IF(K6="Документальное оформление ЖД грузов",INDEX('ЖД грузы'!I:I,MATCH(A6,'ЖД грузы'!A:A,0)),""))))),"") -> 0 | J6: =IFERROR(IF(K6="Обработка судовых документов",INDEX('Судовые документы'!J:J,MATCH(A6,'Судовые документы'!A:A,0)),IF(K6="Оформление таможенных документов",INDEX('Таможенные документы'!J:J,MATCH(A6,'Таможенные документы'!A:A,0)),IF(K6="Оформление экспортных грузов",INDEX('Экспортные грузы'!J:J,MATCH(A6,'Экспортные грузы'!A:A,0)),IF(K6="Терминальные операции",INDEX(Терминал!J:J,MATCH(A6,Терминал!A:A,0)),IF(K6="Документальное оформление ЖД грузов",INDEX('ЖД грузы'!J:J,MATCH(A6,'ЖД грузы'!A:A,0)),""))))),"") -> Нет | K6: Обработка судовых документов | L6: =IFERROR(IF(K6="Обработка судовых документов",INDEX('Судовые документы'!L:L,MATCH(A6,'Судовые документы'!A:A,0)),IF(K6="Оформление таможенных документов",INDEX('Таможенные документы'!L:L,MATCH(A6,'Таможенные документы'!A:A,0)),IF(K6="Оформление экспортных грузов",INDEX('Экспортные грузы'!L:L,MATCH(A6,'Экспортные грузы'!A:A,0)),IF(K6="Терминальные операции",INDEX(Терминал!L:L,MATCH(A6,Терминал!A:A,0)),IF(K6="Документальное оформление ЖД грузов",INDEX('ЖД грузы'!L:L,MATCH(A6,'ЖД грузы'!A:A,0)),""))))),"") -> Средний | M6: =IFERROR(IF(K6="Обработка судовых документов",INDEX('Судовые документы'!K:K,MATCH(A6,'Судовые документы'!A:A,0)),IF(K6="Оформление таможенных документов",INDEX('Таможенные документы'!K:K,MATCH(A6,'Таможенные документы'!A:A,0)),IF(K6="Оформление экспортных грузов",INDEX('Экспортные грузы'!K:K,MATCH(A6,'Экспортные грузы'!A:A,0)),IF(K6="Терминальные операции",INDEX(Терминал!K:K,MATCH(A6,Терминал!A:A,0)),IF(K6="Документальное оформление ЖД грузов",INDEX('ЖД грузы'!K:K,MATCH(A6,'ЖД грузы'!A:A,0)),""))))),"") -> 0
A7: ='Судовые документы'!A8 -> 3 | B7: ='Судовые документы'!B8 -> 4SC-RQ-CR-876 #3628043 | C7: ='Судовые документы'!C8 -> Загрузка EDI cuscar | D7: =IFERROR(IF(K7="Обработка судовых документов",INDEX('Судовые документы'!D:D,MATCH(A7,'Судовые документы'!A:A,0)),IF(K7="Оформление таможенных документов",INDEX('Таможенные документы'!D:D,MATCH(A7,'Таможенные документы'!A:A,0)),IF(K7="Оформление экспортных грузов",INDEX('Экспортные грузы'!D:D,MATCH(A7,'Экспортные грузы'!A:A,0)),IF(K7="Терминальные операции",INDEX(Терминал!D:D,MATCH(A7,Терминал!A:A,0)),IF(K7="Документальное оформление ЖД грузов",INDEX('ЖД грузы'!D:D,MATCH(A7,'ЖД грузы'!A:A,0)),""))))),"") -> Проверка ключевых параметров коносамента | E7: =IFERROR(IF(K7="Обработка судовых документов",INDEX('Судовые документы'!E:E,MATCH(A7,'Судовые документы'!A:A,0)),IF(K7="Оформление таможенных документов",INDEX('Таможенные документы'!E:E,MATCH(A7,'Таможенные документы'!A:A,0)),IF(K7="Оформление экспортных грузов",INDEX('Экспортные грузы'!E:E,MATCH(A7,'Экспортные грузы'!A:A,0)),IF(K7="Терминальные операции",INDEX(Терминал!E:E,MATCH(A7,Терминал!A:A,0)),IF(K7="Документальное оформление ЖД грузов",INDEX('ЖД грузы'!E:E,MATCH(A7,'ЖД грузы'!A:A,0)),""))))),"") -> ОПЭ | F7: =IFERROR(IF(K7="Обработка судовых документов",INDEX('Судовые документы'!F:F,MATCH(A7,'Судовые документы'!A:A,0)),IF(K7="Оформление таможенных документов",INDEX('Таможенные документы'!F:F,MATCH(A7,'Таможенные документы'!A:A,0)),IF(K7="Оформление экспортных грузов",INDEX('Экспортные грузы'!F:F,MATCH(A7,'Экспортные грузы'!A:A,0)),IF(K7="Терминальные операции",INDEX(Терминал!F:F,MATCH(A7,Терминал!A:A,0)),IF(K7="Документальное оформление ЖД грузов",INDEX('ЖД грузы'!F:F,MATCH(A7,'ЖД грузы'!A:A,0)),""))))),"") -> ОПЭ | G7: =IFERROR(IF(K7="Обработка судовых документов",INDEX('Судовые документы'!G:G,MATCH(A7,'Судовые документы'!A:A,0)),IF(K7="Оформление таможенных документов",INDEX('Таможенные документы'!G:G,MATCH(A7,'Таможенные документы'!A:A,0)),IF(K7="Оформление экспортных грузов",INDEX('Экспортные грузы'!G:G,MATCH(A7,'Экспортные грузы'!A:A,0)),IF(K7="Терминальные операции",INDEX(Терминал!G:G,MATCH(A7,Терминал!A:A,0)),IF(K7="Документальное оформление ЖД грузов",INDEX('ЖД грузы'!G:G,MATCH(A7,'ЖД грузы'!A:A,0)),""))))),"") -> Установлено | H7: =IFERROR(IF(K7="Обработка судовых документов",INDEX('Судовые документы'!H:H,MATCH(A7,'Судовые документы'!A:A,0)),IF(K7="Оформление таможенных документов",INDEX('Таможенные документы'!H:H,MATCH(A7,'Таможенные документы'!A:A,0)),IF(K7="Оформление экспортных грузов",INDEX('Экспортные грузы'!H:H,MATCH(A7,'Экспортные грузы'!A:A,0)),IF(K7="Терминальные операции",INDEX(Терминал!H:H,MATCH(A7,Терминал!A:A,0)),IF(K7="Документальное оформление ЖД грузов",INDEX('ЖД грузы'!H:H,MATCH(A7,'ЖД грузы'!A:A,0)),""))))),"") -> 7.4.8 | I7: =IFERROR(IF(K7="Обработка судовых документов",INDEX('Судовые документы'!I:I,MATCH(A7,'Судовые документы'!A:A,0)),IF(K7="Оформление таможенных документов",INDEX('Таможенные документы'!I:I,MATCH(A7,'Таможенные документы'!A:A,0)),IF(K7="Оформление экспортных грузов",INDEX('Экспортные грузы'!I:I,MATCH(A7,'Экспортные грузы'!A:A,0)),IF(K7="Терминальные операции",INDEX(Терминал!I:I,MATCH(A7,Терминал!A:A,0)),IF(K7="Документальное оформление ЖД грузов",INDEX('ЖД грузы'!I:I,MATCH(A7,'ЖД грузы'!A:A,0)),""))))),"") -> 144 | J7: =IFERROR(IF(K7="Обработка судовых документов",INDEX('Судовые документы'!J:J,MATCH(A7,'Судовые документы'!A:A,0)),IF(K7="Оформление таможенных документов",INDEX('Таможенные документы'!J:J,MATCH(A7,'Таможенные документы'!A:A,0)),IF(K7="Оформление экспортных грузов",INDEX('Экспортные грузы'!J:J,MATCH(A7,'Экспортные грузы'!A:A,0)),IF(K7="Терминальные операции",INDEX(Терминал!J:J,MATCH(A7,Терминал!A:A,0)),IF(K7="Документальное оформление ЖД грузов",INDEX('ЖД грузы'!J:J,MATCH(A7,'ЖД грузы'!A:A,0)),""))))),"") -> Да | K7: Обработка судовых документов | L7: =IFERROR(IF(K7="Обработка судовых документов",INDEX('Судовые документы'!L:L,MATCH(A7,'Судовые документы'!A:A,0)),IF(K7="Оформление таможенных документов",INDEX('Таможенные документы'!L:L,MATCH(A7,'Таможенные документы'!A:A,0)),IF(K7="Оформление экспортных грузов",INDEX('Экспортные грузы'!L:L,MATCH(A7,'Экспортные грузы'!A:A,0)),IF(K7="Терминальные операции",INDEX(Терминал!L:L,MATCH(A7,Терминал!A:A,0)),IF(K7="Документальное оформление ЖД грузов",INDEX('ЖД грузы'!L:L,MATCH(A7,'ЖД грузы'!A:A,0)),""))))),"") -> Средний | M7: =IFERROR(IF(K7="Обработка судовых документов",INDEX('Судовые документы'!K:K,MATCH(A7,'Судовые документы'!A:A,0)),IF(K7="Оформление таможенных документов",INDEX('Таможенные документы'!K:K,MATCH(A7,'Таможенные документы'!A:A,0)),IF(K7="Оформление экспортных грузов",INDEX('Экспортные грузы'!K:K,MATCH(A7,'Экспортные грузы'!A:A,0)),IF(K7="Терминальные операции",INDEX(Терминал!K:K,MATCH(A7,Терминал!A:A,0)),IF(K7="Документальное оформление ЖД грузов",INDEX('ЖД грузы'!K:K,MATCH(A7,'ЖД грузы'!A:A,0)),""))))),"") -> 0
A8: ='Судовые документы'!A9 -> 4 | B8: ='Судовые документы'!B9 -> 4SC-1-RQ-CR-779 #3283630 | C8: ='Судовые документы'!C9 -> Ген акт, А/И, ведомость приема импорта | D8: =IFERROR(IF(K8="Обработка судовых документов",INDEX('Судовые документы'!D:D,MATCH(A8,'Судовые документы'!A:A,0)),IF(K8="Оформление таможенных документов",INDEX('Таможенные документы'!D:D,MATCH(A8,'Таможенные документы'!A:A,0)),IF(K8="Оформление экспортных грузов",INDEX('Экспортные грузы'!D:D,MATCH(A8,'Экспортные грузы'!A:A,0)),IF(K8="Терминальные операции",INDEX(Терминал!D:D,MATCH(A8,Терминал!A:A,0)),IF(K8="Документальное оформление ЖД грузов",INDEX('ЖД грузы'!D:D,MATCH(A8,'ЖД грузы'!A:A,0)),""))))),"") -> Подписание ген акта, А/И агентом. Ведомость направляется агенту автоматически | E8: =IFERROR(IF(K8="Обработка судовых документов",INDEX('Судовые документы'!E:E,MATCH(A8,'Судовые документы'!A:A,0)),IF(K8="Оформление таможенных документов",INDEX('Таможенные документы'!E:E,MATCH(A8,'Таможенные документы'!A:A,0)),IF(K8="Оформление экспортных грузов",INDEX('Экспортные грузы'!E:E,MATCH(A8,'Экспортные грузы'!A:A,0)),IF(K8="Терминальные операции",INDEX(Терминал!E:E,MATCH(A8,Терминал!A:A,0)),IF(K8="Документальное оформление ЖД грузов",INDEX('ЖД грузы'!E:E,MATCH(A8,'ЖД грузы'!A:A,0)),""))))),"") -> выполнено | F8: =IFERROR(IF(K8="Обработка судовых документов",INDEX('Судовые документы'!F:F,MATCH(A8,'Судовые документы'!A:A,0)),IF(K8="Оформление таможенных документов",INDEX('Таможенные документы'!F:F,MATCH(A8,'Таможенные документы'!A:A,0)),IF(K8="Оформление экспортных грузов",INDEX('Экспортные грузы'!F:F,MATCH(A8,'Экспортные грузы'!A:A,0)),IF(K8="Терминальные операции",INDEX(Терминал!F:F,MATCH(A8,Терминал!A:A,0)),IF(K8="Документальное оформление ЖД грузов",INDEX('ЖД грузы'!F:F,MATCH(A8,'ЖД грузы'!A:A,0)),""))))),"") -> Выполнено | G8: =IFERROR(IF(K8="Обработка судовых документов",INDEX('Судовые документы'!G:G,MATCH(A8,'Судовые документы'!A:A,0)),IF(K8="Оформление таможенных документов",INDEX('Таможенные документы'!G:G,MATCH(A8,'Таможенные документы'!A:A,0)),IF(K8="Оформление экспортных грузов",INDEX('Экспортные грузы'!G:G,MATCH(A8,'Экспортные грузы'!A:A,0)),IF(K8="Терминальные операции",INDEX(Терминал!G:G,MATCH(A8,Терминал!A:A,0)),IF(K8="Документальное оформление ЖД грузов",INDEX('ЖД грузы'!G:G,MATCH(A8,'ЖД грузы'!A:A,0)),""))))),"") -> Выставлено | H8: =IFERROR(IF(K8="Обработка судовых документов",INDEX('Судовые документы'!H:H,MATCH(A8,'Судовые документы'!A:A,0)),IF(K8="Оформление таможенных документов",INDEX('Таможенные документы'!H:H,MATCH(A8,'Таможенные документы'!A:A,0)),IF(K8="Оформление экспортных грузов",INDEX('Экспортные грузы'!H:H,MATCH(A8,'Экспортные грузы'!A:A,0)),IF(K8="Терминальные операции",INDEX(Терминал!H:H,MATCH(A8,Терминал!A:A,0)),IF(K8="Документальное оформление ЖД грузов",INDEX('ЖД грузы'!H:H,MATCH(A8,'ЖД грузы'!A:A,0)),""))))),"") -> 7.4.5 | I8: =IFERROR(IF(K8="Обработка судовых документов",INDEX('Судовые документы'!I:I,MATCH(A8,'Судовые документы'!A:A,0)),IF(K8="Оформление таможенных документов",INDEX('Таможенные документы'!I:I,MATCH(A8,'Таможенные документы'!A:A,0)),IF(K8="Оформление экспортных грузов",INDEX('Экспортные грузы'!I:I,MATCH(A8,'Экспортные грузы'!A:A,0)),IF(K8="Терминальные операции",INDEX(Терминал!I:I,MATCH(A8,Терминал!A:A,0)),IF(K8="Документальное оформление ЖД грузов",INDEX('ЖД грузы'!I:I,MATCH(A8,'ЖД грузы'!A:A,0)),""))))),"") -> 110 | J8: =IFERROR(IF(K8="Обработка судовых документов",INDEX('Судовые документы'!J:J,MATCH(A8,'Судовые документы'!A:A,0)),IF(K8="Оформление таможенных документов",INDEX('Таможенные документы'!J:J,MATCH(A8,'Таможенные документы'!A:A,0)),IF(K8="Оформление экспортных грузов",INDEX('Экспортные грузы'!J:J,MATCH(A8,'Экспортные грузы'!A:A,0)),IF(K8="Терминальные операции",INDEX(Терминал!J:J,MATCH(A8,Терминал!A:A,0)),IF(K8="Документальное оформление ЖД грузов",INDEX('ЖД грузы'!J:J,MATCH(A8,'ЖД грузы'!A:A,0)),""))))),"") -> Да | K8: Обработка судовых документов | L8: =IFERROR(IF(K8="Обработка судовых документов",INDEX('Судовые документы'!L:L,MATCH(A8,'Судовые документы'!A:A,0)),IF(K8="Оформление таможенных документов",INDEX('Таможенные документы'!L:L,MATCH(A8,'Таможенные документы'!A:A,0)),IF(K8="Оформление экспортных грузов",INDEX('Экспортные грузы'!L:L,MATCH(A8,'Экспортные грузы'!A:A,0)),IF(K8="Терминальные операции",INDEX(Терминал!L:L,MATCH(A8,Терминал!A:A,0)),IF(K8="Документальное оформление ЖД грузов",INDEX('ЖД грузы'!L:L,MATCH(A8,'ЖД грузы'!A:A,0)),""))))),"") -> Средний | M8: =IFERROR(IF(K8="Обработка судовых документов",INDEX('Судовые документы'!K:K,MATCH(A8,'Судовые документы'!A:A,0)),IF(K8="Оформление таможенных документов",INDEX('Таможенные документы'!K:K,MATCH(A8,'Таможенные документы'!A:A,0)),IF(K8="Оформление экспортных грузов",INDEX('Экспортные грузы'!K:K,MATCH(A8,'Экспортные грузы'!A:A,0)),IF(K8="Терминальные операции",INDEX(Терминал!K:K,MATCH(A8,Терминал!A:A,0)),IF(K8="Документальное оформление ЖД грузов",INDEX('ЖД грузы'!K:K,MATCH(A8,'ЖД грузы'!A:A,0)),""))))),"") -> 0
A9: ='Судовые документы'!A10 -> 5 | B9: ='Судовые документы'!B10 -> 0 | C9: ='Судовые документы'!C10 -> Ведомость погрузки контейнеров на судно | D9: =IFERROR(IF(K9="Обработка судовых документов",INDEX('Судовые документы'!D:D,MATCH(A9,'Судовые документы'!A:A,0)),IF(K9="Оформление таможенных документов",INDEX('Таможенные документы'!D:D,MATCH(A9,'Таможенные документы'!A:A,0)),IF(K9="Оформление экспортных грузов",INDEX('Экспортные грузы'!D:D,MATCH(A9,'Экспортные грузы'!A:A,0)),IF(K9="Терминальные операции",INDEX(Терминал!D:D,MATCH(A9,Терминал!A:A,0)),IF(K9="Документальное оформление ЖД грузов",INDEX('ЖД грузы'!D:D,MATCH(A9,'ЖД грузы'!A:A,0)),""))))),"") -> Реализация подписания Ведомости погрузки с использованием ЭП в ЛКК | E9: =IFERROR(IF(K9="Обработка судовых документов",INDEX('Судовые документы'!E:E,MATCH(A9,'Судовые документы'!A:A,0)),IF(K9="Оформление таможенных документов",INDEX('Таможенные документы'!E:E,MATCH(A9,'Таможенные документы'!A:A,0)),IF(K9="Оформление экспортных грузов",INDEX('Экспортные грузы'!E:E,MATCH(A9,'Экспортные грузы'!A:A,0)),IF(K9="Терминальные операции",INDEX(Терминал!E:E,MATCH(A9,Терминал!A:A,0)),IF(K9="Документальное оформление ЖД грузов",INDEX('ЖД грузы'!E:E,MATCH(A9,'ЖД грузы'!A:A,0)),""))))),"") -> выполнено | F9: =IFERROR(IF(K9="Обработка судовых документов",INDEX('Судовые документы'!F:F,MATCH(A9,'Судовые документы'!A:A,0)),IF(K9="Оформление таможенных документов",INDEX('Таможенные документы'!F:F,MATCH(A9,'Таможенные документы'!A:A,0)),IF(K9="Оформление экспортных грузов",INDEX('Экспортные грузы'!F:F,MATCH(A9,'Экспортные грузы'!A:A,0)),IF(K9="Терминальные операции",INDEX(Терминал!F:F,MATCH(A9,Терминал!A:A,0)),IF(K9="Документальное оформление ЖД грузов",INDEX('ЖД грузы'!F:F,MATCH(A9,'ЖД грузы'!A:A,0)),""))))),"") -> Выполнено | G9: =IFERROR(IF(K9="Обработка судовых документов",INDEX('Судовые документы'!G:G,MATCH(A9,'Судовые документы'!A:A,0)),IF(K9="Оформление таможенных документов",INDEX('Таможенные документы'!G:G,MATCH(A9,'Таможенные документы'!A:A,0)),IF(K9="Оформление экспортных грузов",INDEX('Экспортные грузы'!G:G,MATCH(A9,'Экспортные грузы'!A:A,0)),IF(K9="Терминальные операции",INDEX(Терминал!G:G,MATCH(A9,Терминал!A:A,0)),IF(K9="Документальное оформление ЖД грузов",INDEX('ЖД грузы'!G:G,MATCH(A9,'ЖД грузы'!A:A,0)),""))))),"") -> Не СОЛВО | H9: =IFERROR(IF(K9="Обработка судовых документов",INDEX('Судовые документы'!H:H,MATCH(A9,'Судовые документы'!A:A,0)),IF(K9="Оформление таможенных документов",INDEX('Таможенные документы'!H:H,MATCH(A9,'Таможенные документы'!A:A,0)),IF(K9="Оформление экспортных грузов",INDEX('Экспортные грузы'!H:H,MATCH(A9,'Экспортные грузы'!A:A,0)),IF(K9="Терминальные операции",INDEX(Терминал!H:H,MATCH(A9,Терминал!A:A,0)),IF(K9="Документальное оформление ЖД грузов",INDEX('ЖД грузы'!H:H,MATCH(A9,'ЖД грузы'!A:A,0)),""))))),"") -> Не СОЛВО | I9: =IFERROR(IF(K9="Обработка судовых документов",INDEX('Судовые документы'!I:I,MATCH(A9,'Судовые документы'!A:A,0)),IF(K9="Оформление таможенных документов",INDEX('Таможенные документы'!I:I,MATCH(A9,'Таможенные документы'!A:A,0)),IF(K9="Оформление экспортных грузов",INDEX('Экспортные грузы'!I:I,MATCH(A9,'Экспортные грузы'!A:A,0)),IF(K9="Терминальные операции",INDEX(Терминал!I:I,MATCH(A9,Терминал!A:A,0)),IF(K9="Документальное оформление ЖД грузов",INDEX('ЖД грузы'!I:I,MATCH(A9,'ЖД грузы'!A:A,0)),""))))),"") -> 0 | J9: =IFERROR(IF(K9="Обработка судовых документов",INDEX('Судовые документы'!J:J,MATCH(A9,'Судовые документы'!A:A,0)),IF(K9="Оформление таможенных документов",INDEX('Таможенные документы'!J:J,MATCH(A9,'Таможенные документы'!A:A,0)),IF(K9="Оформление экспортных грузов",INDEX('Экспортные грузы'!J:J,MATCH(A9,'Экспортные грузы'!A:A,0)),IF(K9="Терминальные операции",INDEX(Терминал!J:J,MATCH(A9,Терминал!A:A,0)),IF(K9="Документальное оформление ЖД грузов",INDEX('ЖД грузы'!J:J,MATCH(A9,'ЖД грузы'!A:A,0)),""))))),"") -> Да | K9: Обработка судовых документов | L9: =IFERROR(IF(K9="Обработка судовых документов",INDEX('Судовые документы'!L:L,MATCH(A9,'Судовые документы'!A:A,0)),IF(K9="Оформление таможенных документов",INDEX('Таможенные документы'!L:L,MATCH(A9,'Таможенные документы'!A:A,0)),IF(K9="Оформление экспортных грузов",INDEX('Экспортные грузы'!L:L,MATCH(A9,'Экспортные грузы'!A:A,0)),IF(K9="Терминальные операции",INDEX(Терминал!L:L,MATCH(A9,Терминал!A:A,0)),IF(K9="Документальное оформление ЖД грузов",INDEX('ЖД грузы'!L:L,MATCH(A9,'ЖД грузы'!A:A,0)),""))))),"") -> Средний | M9: =IFERROR(IF(K9="Обработка судовых документов",INDEX('Судовые документы'!K:K,MATCH(A9,'Судовые документы'!A:A,0)),IF(K9="Оформление таможенных документов",INDEX('Таможенные документы'!K:K,MATCH(A9,'Таможенные документы'!A:A,0)),IF(K9="Оформление экспортных грузов",INDEX('Экспортные грузы'!K:K,MATCH(A9,'Экспортные грузы'!A:A,0)),IF(K9="Терминальные операции",INDEX(Терминал!K:K,MATCH(A9,Терминал!A:A,0)),IF(K9="Документальное оформление ЖД грузов",INDEX('ЖД грузы'!K:K,MATCH(A9,'ЖД грузы'!A:A,0)),""))))),"") -> 0
A10: ='Судовые документы'!A11 -> 6 | B10: ='Судовые документы'!B11 -> 4SC-RQ-CR-984 #4012275 | C10: ='Судовые документы'!C11 -> Приемка трансшипмента, ПРР 2й категории | D10: =IFERROR(IF(K10="Обработка судовых документов",INDEX('Судовые документы'!D:D,MATCH(A10,'Судовые документы'!A:A,0)),IF(K10="Оформление таможенных документов",INDEX('Таможенные документы'!D:D,MATCH(A10,'Таможенные документы'!A:A,0)),IF(K10="Оформление экспортных грузов",INDEX('Экспортные грузы'!D:D,MATCH(A10,'Экспортные грузы'!A:A,0)),IF(K10="Терминальные операции",INDEX(Терминал!D:D,MATCH(A10,Терминал!A:A,0)),IF(K10="Документальное оформление ЖД грузов",INDEX('ЖД грузы'!D:D,MATCH(A10,'ЖД грузы'!A:A,0)),""))))),"") -> Обработка трансшипмента при загрузке коносамента | E10: =IFERROR(IF(K10="Обработка судовых документов",INDEX('Судовые документы'!E:E,MATCH(A10,'Судовые документы'!A:A,0)),IF(K10="Оформление таможенных документов",INDEX('Таможенные документы'!E:E,MATCH(A10,'Таможенные документы'!A:A,0)),IF(K10="Оформление экспортных грузов",INDEX('Экспортные грузы'!E:E,MATCH(A10,'Экспортные грузы'!A:A,0)),IF(K10="Терминальные операции",INDEX(Терминал!E:E,MATCH(A10,Терминал!A:A,0)),IF(K10="Документальное оформление ЖД грузов",INDEX('ЖД грузы'!E:E,MATCH(A10,'ЖД грузы'!A:A,0)),""))))),"") -> май 2026 | F10: =IFERROR(IF(K10="Обработка судовых документов",INDEX('Судовые документы'!F:F,MATCH(A10,'Судовые документы'!A:A,0)),IF(K10="Оформление таможенных документов",INDEX('Таможенные документы'!F:F,MATCH(A10,'Таможенные документы'!A:A,0)),IF(K10="Оформление экспортных грузов",INDEX('Экспортные грузы'!F:F,MATCH(A10,'Экспортные грузы'!A:A,0)),IF(K10="Терминальные операции",INDEX(Терминал!F:F,MATCH(A10,Терминал!A:A,0)),IF(K10="Документальное оформление ЖД грузов",INDEX('ЖД грузы'!F:F,MATCH(A10,'ЖД грузы'!A:A,0)),""))))),"") -> В работе | G10: =IFERROR(IF(K10="Обработка судовых документов",INDEX('Судовые документы'!G:G,MATCH(A10,'Судовые документы'!A:A,0)),IF(K10="Оформление таможенных документов",INDEX('Таможенные документы'!G:G,MATCH(A10,'Таможенные документы'!A:A,0)),IF(K10="Оформление экспортных грузов",INDEX('Экспортные грузы'!G:G,MATCH(A10,'Экспортные грузы'!A:A,0)),IF(K10="Терминальные операции",INDEX(Терминал!G:G,MATCH(A10,Терминал!A:A,0)),IF(K10="Документальное оформление ЖД грузов",INDEX('ЖД грузы'!G:G,MATCH(A10,'ЖД грузы'!A:A,0)),""))))),"") -> Разработка | H10: =IFERROR(IF(K10="Обработка судовых документов",INDEX('Судовые документы'!H:H,MATCH(A10,'Судовые документы'!A:A,0)),IF(K10="Оформление таможенных документов",INDEX('Таможенные документы'!H:H,MATCH(A10,'Таможенные документы'!A:A,0)),IF(K10="Оформление экспортных грузов",INDEX('Экспортные грузы'!H:H,MATCH(A10,'Экспортные грузы'!A:A,0)),IF(K10="Терминальные операции",INDEX(Терминал!H:H,MATCH(A10,Терминал!A:A,0)),IF(K10="Документальное оформление ЖД грузов",INDEX('ЖД грузы'!H:H,MATCH(A10,'ЖД грузы'!A:A,0)),""))))),"") -> 7.4.10 | I10: =IFERROR(IF(K10="Обработка судовых документов",INDEX('Судовые документы'!I:I,MATCH(A10,'Судовые документы'!A:A,0)),IF(K10="Оформление таможенных документов",INDEX('Таможенные документы'!I:I,MATCH(A10,'Таможенные документы'!A:A,0)),IF(K10="Оформление экспортных грузов",INDEX('Экспортные грузы'!I:I,MATCH(A10,'Экспортные грузы'!A:A,0)),IF(K10="Терминальные операции",INDEX(Терминал!I:I,MATCH(A10,Терминал!A:A,0)),IF(K10="Документальное оформление ЖД грузов",INDEX('ЖД грузы'!I:I,MATCH(A10,'ЖД грузы'!A:A,0)),""))))),"") -> 24 | J10: =IFERROR(IF(K10="Обработка судовых документов",INDEX('Судовые документы'!J:J,MATCH(A10,'Судовые документы'!A:A,0)),IF(K10="Оформление таможенных документов",INDEX('Таможенные документы'!J:J,MATCH(A10,'Таможенные документы'!A:A,0)),IF(K10="Оформление экспортных грузов",INDEX('Экспортные грузы'!J:J,MATCH(A10,'Экспортные грузы'!A:A,0)),IF(K10="Терминальные операции",INDEX(Терминал!J:J,MATCH(A10,Терминал!A:A,0)),IF(K10="Документальное оформление ЖД грузов",INDEX('ЖД грузы'!J:J,MATCH(A10,'ЖД грузы'!A:A,0)),""))))),"") -> Да | K10: Обработка судовых документов | L10: =IFERROR(IF(K10="Обработка судовых документов",INDEX('Судовые документы'!L:L,MATCH(A10,'Судовые документы'!A:A,0)),IF(K10="Оформление таможенных документов",INDEX('Таможенные документы'!L:L,MATCH(A10,'Таможенные документы'!A:A,0)),IF(K10="Оформление экспортных грузов",INDEX('Экспортные грузы'!L:L,MATCH(A10,'Экспортные грузы'!A:A,0)),IF(K10="Терминальные операции",INDEX(Терминал!L:L,MATCH(A10,Терминал!A:A,0)),IF(K10="Документальное оформление ЖД грузов",INDEX('ЖД грузы'!L:L,MATCH(A10,'ЖД грузы'!A:A,0)),""))))),"") -> Средний | M10: =IFERROR(IF(K10="Обработка судовых документов",INDEX('Судовые документы'!K:K,MATCH(A10,'Судовые документы'!A:A,0)),IF(K10="Оформление таможенных документов",INDEX('Таможенные документы'!K:K,MATCH(A10,'Таможенные документы'!A:A,0)),IF(K10="Оформление экспортных грузов",INDEX('Экспортные грузы'!K:K,MATCH(A10,'Экспортные грузы'!A:A,0)),IF(K10="Терминальные операции",INDEX(Терминал!K:K,MATCH(A10,Терминал!A:A,0)),IF(K10="Документальное оформление ЖД грузов",INDEX('ЖД грузы'!K:K,MATCH(A10,'ЖД грузы'!A:A,0)),""))))),"") -> 0
A11: ='Судовые документы'!A12 -> 7 | B11: ='Судовые документы'!B12 -> 4SC-RQ-CR-988 #4032163 | C11: ='Судовые документы'!C12 -> Обработка на т/х порожних контейнеров (каботаж) | D11: Добавить направление «Внутренний» и прием в квоту (депо) | E11: 2026 | F11: В работе | G11: Аналитика | H11: 7.4.11 | I11: 0 | J11: Нет | K11: Обработка судовых документов | L11: Средний | M11: =IFERROR(IF(K11="Обработка судовых документов",INDEX('Судовые документы'!K:K,MATCH(A11,'Судовые документы'!A:A,0)),IF(K11="Оформление таможенных документов",INDEX('Таможенные документы'!K:K,MATCH(A11,'Таможенные документы'!A:A,0)),IF(K11="Оформление экспортных грузов",INDEX('Экспортные грузы'!K:K,MATCH(A11,'Экспортные грузы'!A:A,0)),IF(K11="Терминальные операции",INDEX(Терминал!K:K,MATCH(A11,Терминал!A:A,0)),IF(K11="Документальное оформление ЖД грузов",INDEX('ЖД грузы'!K:K,MATCH(A11,'ЖД грузы'!A:A,0)),""))))),"") -> 0
A12: ▸ Оформление таможенных документов
A13: ='Таможенные документы'!A6 -> 8 | B13: ='Таможенные документы'!B6 -> 4SC-1-RQ-CR-342 #2361714 | C13: ='Таможенные документы'!C6 -> Контроль выпуска и автоматизация ДО 2 | D13: =IFERROR(IF(K13="Обработка судовых документов",INDEX('Судовые документы'!D:D,MATCH(A13,'Судовые документы'!A:A,0)),IF(K13="Оформление таможенных документов",INDEX('Таможенные документы'!D:D,MATCH(A13,'Таможенные документы'!A:A,0)),IF(K13="Оформление экспортных грузов",INDEX('Экспортные грузы'!D:D,MATCH(A13,'Экспортные грузы'!A:A,0)),IF(K13="Терминальные операции",INDEX(Терминал!D:D,MATCH(A13,Терминал!A:A,0)),IF(K13="Документальное оформление ЖД грузов",INDEX('ЖД грузы'!D:D,MATCH(A13,'ЖД грузы'!A:A,0)),""))))),"") -> Создание КА в СОЛВО, автоматическое формирование и отправка ДО2 | E13: =IFERROR(IF(K13="Обработка судовых документов",INDEX('Судовые документы'!E:E,MATCH(A13,'Судовые документы'!A:A,0)),IF(K13="Оформление таможенных документов",INDEX('Таможенные документы'!E:E,MATCH(A13,'Таможенные документы'!A:A,0)),IF(K13="Оформление экспортных грузов",INDEX('Экспортные грузы'!E:E,MATCH(A13,'Экспортные грузы'!A:A,0)),IF(K13="Терминальные операции",INDEX(Терминал!E:E,MATCH(A13,Терминал!A:A,0)),IF(K13="Документальное оформление ЖД грузов",INDEX('ЖД грузы'!E:E,MATCH(A13,'ЖД грузы'!A:A,0)),""))))),"") -> выполнено | F13: =IFERROR(IF(K13="Обработка судовых документов",INDEX('Судовые документы'!F:F,MATCH(A13,'Судовые документы'!A:A,0)),IF(K13="Оформление таможенных документов",INDEX('Таможенные документы'!F:F,MATCH(A13,'Таможенные документы'!A:A,0)),IF(K13="Оформление экспортных грузов",INDEX('Экспортные грузы'!F:F,MATCH(A13,'Экспортные грузы'!A:A,0)),IF(K13="Терминальные операции",INDEX(Терминал!F:F,MATCH(A13,Терминал!A:A,0)),IF(K13="Документальное оформление ЖД грузов",INDEX('ЖД грузы'!F:F,MATCH(A13,'ЖД грузы'!A:A,0)),""))))),"") -> В работе | G13: =IFERROR(IF(K13="Обработка судовых документов",INDEX('Судовые документы'!G:G,MATCH(A13,'Судовые документы'!A:A,0)),IF(K13="Оформление таможенных документов",INDEX('Таможенные документы'!G:G,MATCH(A13,'Таможенные документы'!A:A,0)),IF(K13="Оформление экспортных грузов",INDEX('Экспортные грузы'!G:G,MATCH(A13,'Экспортные грузы'!A:A,0)),IF(K13="Терминальные операции",INDEX(Терминал!G:G,MATCH(A13,Терминал!A:A,0)),IF(K13="Документальное оформление ЖД грузов",INDEX('ЖД грузы'!G:G,MATCH(A13,'ЖД грузы'!A:A,0)),""))))),"") -> Установлено | H13: =IFERROR(IF(K13="Обработка судовых документов",INDEX('Судовые документы'!H:H,MATCH(A13,'Судовые документы'!A:A,0)),IF(K13="Оформление таможенных документов",INDEX('Таможенные документы'!H:H,MATCH(A13,'Таможенные документы'!A:A,0)),IF(K13="Оформление экспортных грузов",INDEX('Экспортные грузы'!H:H,MATCH(A13,'Экспортные грузы'!A:A,0)),IF(K13="Терминальные операции",INDEX(Терминал!H:H,MATCH(A13,Терминал!A:A,0)),IF(K13="Документальное оформление ЖД грузов",INDEX('ЖД грузы'!H:H,MATCH(A13,'ЖД грузы'!A:A,0)),""))))),"") -> 7.4.4 | I13: =IFERROR(IF(K13="Обработка судовых документов",INDEX('Судовые документы'!I:I,MATCH(A13,'Судовые документы'!A:A,0)),IF(K13="Оформление таможенных документов",INDEX('Таможенные документы'!I:I,MATCH(A13,'Таможенные документы'!A:A,0)),IF(K13="Оформление экспортных грузов",INDEX('Экспортные грузы'!I:I,MATCH(A13,'Экспортные грузы'!A:A,0)),IF(K13="Терминальные операции",INDEX(Терминал!I:I,MATCH(A13,Терминал!A:A,0)),IF(K13="Документальное оформление ЖД грузов",INDEX('ЖД грузы'!I:I,MATCH(A13,'ЖД грузы'!A:A,0)),""))))),"") -> 780 | J13: =IFERROR(IF(K13="Обработка судовых документов",INDEX('Судовые документы'!J:J,MATCH(A13,'Судовые документы'!A:A,0)),IF(K13="Оформление таможенных документов",INDEX('Таможенные документы'!J:J,MATCH(A13,'Таможенные документы'!A:A,0)),IF(K13="Оформление экспортных грузов",INDEX('Экспортные грузы'!J:J,MATCH(A13,'Экспортные грузы'!A:A,0)),IF(K13="Терминальные операции",INDEX(Терминал!J:J,MATCH(A13,Терминал!A:A,0)),IF(K13="Документальное оформление ЖД грузов",INDEX('ЖД грузы'!J:J,MATCH(A13,'ЖД грузы'!A:A,0)),""))))),"") -> Да | K13: Оформление таможенных документов | L13: =IFERROR(IF(K13="Обработка судовых документов",INDEX('Судовые документы'!L:L,MATCH(A13,'Судовые документы'!A:A,0)),IF(K13="Оформление таможенных документов",INDEX('Таможенные документы'!L:L,MATCH(A13,'Таможенные документы'!A:A,0)),IF(K13="Оформление экспортных грузов",INDEX('Экспортные грузы'!L:L,MATCH(A13,'Экспортные грузы'!A:A,0)),IF(K13="Терминальные операции",INDEX(Терминал!L:L,MATCH(A13,Терминал!A:A,0)),IF(K13="Документальное оформление ЖД грузов",INDEX('ЖД грузы'!L:L,MATCH(A13,'ЖД грузы'!A:A,0)),""))))),"") -> Средний | M13: =IFERROR(IF(K13="Обработка судовых документов",INDEX('Судовые документы'!K:K,MATCH(A13,'Судовые документы'!A:A,0)),IF(K13="Оформление таможенных документов",INDEX('Таможенные документы'!K:K,MATCH(A13,'Таможенные документы'!A:A,0)),IF(K13="Оформление экспортных грузов",INDEX('Экспортные грузы'!K:K,MATCH(A13,'Экспортные грузы'!A:A,0)),IF(K13="Терминальные операции",INDEX(Терминал!K:K,MATCH(A13,Терминал!A:A,0)),IF(K13="Документальное оформление ЖД грузов",INDEX('ЖД грузы'!K:K,MATCH(A13,'ЖД грузы'!A:A,0)),""))))),"") -> 0
A14: ='Таможенные документы'!A7 -> 9 | B14: ='Таможенные документы'!B7 -> 4SC-RQ-CR-704 #3030536 | C14: ='Таможенные документы'!C7 -> ВТТ транзит для Бананов | D14: =IFERROR(IF(K14="Обработка судовых документов",INDEX('Судовые документы'!D:D,MATCH(A14,'Судовые документы'!A:A,0)),IF(K14="Оформление таможенных документов",INDEX('Таможенные документы'!D:D,MATCH(A14,'Таможенные документы'!A:A,0)),IF(K14="Оформление экспортных грузов",INDEX('Экспортные грузы'!D:D,MATCH(A14,'Экспортные грузы'!A:A,0)),IF(K14="Терминальные операции",INDEX(Терминал!D:D,MATCH(A14,Терминал!A:A,0)),IF(K14="Документальное оформление ЖД грузов",INDEX('ЖД грузы'!D:D,MATCH(A14,'ЖД грузы'!A:A,0)),""))))),"") -> Автоматическая прогрузка таможенного разрешения после получения уведомления | E14: =IFERROR(IF(K14="Обработка судовых документов",INDEX('Судовые документы'!E:E,MATCH(A14,'Судовые документы'!A:A,0)),IF(K14="Оформление таможенных документов",INDEX('Таможенные документы'!E:E,MATCH(A14,'Таможенные документы'!A:A,0)),IF(K14="Оформление экспортных грузов",INDEX('Экспортные грузы'!E:E,MATCH(A14,'Экспортные грузы'!A:A,0)),IF(K14="Терминальные операции",INDEX(Терминал!E:E,MATCH(A14,Терминал!A:A,0)),IF(K14="Документальное оформление ЖД грузов",INDEX('ЖД грузы'!E:E,MATCH(A14,'ЖД грузы'!A:A,0)),""))))),"") -> 2026 | F14: =IFERROR(IF(K14="Обработка судовых документов",INDEX('Судовые документы'!F:F,MATCH(A14,'Судовые документы'!A:A,0)),IF(K14="Оформление таможенных документов",INDEX('Таможенные документы'!F:F,MATCH(A14,'Таможенные документы'!A:A,0)),IF(K14="Оформление экспортных грузов",INDEX('Экспортные грузы'!F:F,MATCH(A14,'Экспортные грузы'!A:A,0)),IF(K14="Терминальные операции",INDEX(Терминал!F:F,MATCH(A14,Терминал!A:A,0)),IF(K14="Документальное оформление ЖД грузов",INDEX('ЖД грузы'!F:F,MATCH(A14,'ЖД грузы'!A:A,0)),""))))),"") -> В работе | G14: =IFERROR(IF(K14="Обработка судовых документов",INDEX('Судовые документы'!G:G,MATCH(A14,'Судовые документы'!A:A,0)),IF(K14="Оформление таможенных документов",INDEX('Таможенные документы'!G:G,MATCH(A14,'Таможенные документы'!A:A,0)),IF(K14="Оформление экспортных грузов",INDEX('Экспортные грузы'!G:G,MATCH(A14,'Экспортные грузы'!A:A,0)),IF(K14="Терминальные операции",INDEX(Терминал!G:G,MATCH(A14,Терминал!A:A,0)),IF(K14="Документальное оформление ЖД грузов",INDEX('ЖД грузы'!G:G,MATCH(A14,'ЖД грузы'!A:A,0)),""))))),"") -> Аналитика | H14: =IFERROR(IF(K14="Обработка судовых документов",INDEX('Судовые документы'!H:H,MATCH(A14,'Судовые документы'!A:A,0)),IF(K14="Оформление таможенных документов",INDEX('Таможенные документы'!H:H,MATCH(A14,'Таможенные документы'!A:A,0)),IF(K14="Оформление экспортных грузов",INDEX('Экспортные грузы'!H:H,MATCH(A14,'Экспортные грузы'!A:A,0)),IF(K14="Терминальные операции",INDEX(Терминал!H:H,MATCH(A14,Терминал!A:A,0)),IF(K14="Документальное оформление ЖД грузов",INDEX('ЖД грузы'!H:H,MATCH(A14,'ЖД грузы'!A:A,0)),""))))),"") -> 7.4.11 | I14: =IFERROR(IF(K14="Обработка судовых документов",INDEX('Судовые документы'!I:I,MATCH(A14,'Судовые документы'!A:A,0)),IF(K14="Оформление таможенных документов",INDEX('Таможенные документы'!I:I,MATCH(A14,'Таможенные документы'!A:A,0)),IF(K14="Оформление экспортных грузов",INDEX('Экспортные грузы'!I:I,MATCH(A14,'Экспортные грузы'!A:A,0)),IF(K14="Терминальные операции",INDEX(Терминал!I:I,MATCH(A14,Терминал!A:A,0)),IF(K14="Документальное оформление ЖД грузов",INDEX('ЖД грузы'!I:I,MATCH(A14,'ЖД грузы'!A:A,0)),""))))),"") -> 0 | J14: =IFERROR(IF(K14="Обработка судовых документов",INDEX('Судовые документы'!J:J,MATCH(A14,'Судовые документы'!A:A,0)),IF(K14="Оформление таможенных документов",INDEX('Таможенные документы'!J:J,MATCH(A14,'Таможенные документы'!A:A,0)),IF(K14="Оформление экспортных грузов",INDEX('Экспортные грузы'!J:J,MATCH(A14,'Экспортные грузы'!A:A,0)),IF(K14="Терминальные операции",INDEX(Терминал!J:J,MATCH(A14,Терминал!A:A,0)),IF(K14="Документальное оформление ЖД грузов",INDEX('ЖД грузы'!J:J,MATCH(A14,'ЖД грузы'!A:A,0)),""))))),"") -> Нет | K14: Оформление таможенных документов | L14: =IFERROR(IF(K14="Обработка судовых документов",INDEX('Судовые документы'!L:L,MATCH(A14,'Судовые документы'!A:A,0)),IF(K14="Оформление таможенных документов",INDEX('Таможенные документы'!L:L,MATCH(A14,'Таможенные документы'!A:A,0)),IF(K14="Оформление экспортных грузов",INDEX('Экспортные грузы'!L:L,MATCH(A14,'Экспортные грузы'!A:A,0)),IF(K14="Терминальные операции",INDEX(Терминал!L:L,MATCH(A14,Терминал!A:A,0)),IF(K14="Документальное оформление ЖД грузов",INDEX('ЖД грузы'!L:L,MATCH(A14,'ЖД грузы'!A:A,0)),""))))),"") -> Средний | M14: =IFERROR(IF(K14="Обработка судовых документов",INDEX('Судовые документы'!K:K,MATCH(A14,'Судовые документы'!A:A,0)),IF(K14="Оформление таможенных документов",INDEX('Таможенные документы'!K:K,MATCH(A14,'Таможенные документы'!A:A,0)),IF(K14="Оформление экспортных грузов",INDEX('Экспортные грузы'!K:K,MATCH(A14,'Экспортные грузы'!A:A,0)),IF(K14="Терминальные операции",INDEX(Терминал!K:K,MATCH(A14,Терминал!A:A,0)),IF(K14="Документальное оформление ЖД грузов",INDEX('ЖД грузы'!K:K,MATCH(A14,'ЖД грузы'!A:A,0)),""))))),"") -> 0
A15: ='Таможенные документы'!A8 -> 10 | B15: ='Таможенные документы'!B8 -> 4SC-RQ-CR-912 #3936824 | C15: ='Таможенные документы'!C8 -> Таможенные разрешения в СОЛВО 7 | D15: =IFERROR(IF(K15="Обработка судовых документов",INDEX('Судовые документы'!D:D,MATCH(A15,'Судовые документы'!A:A,0)),IF(K15="Оформление таможенных документов",INDEX('Таможенные документы'!D:D,MATCH(A15,'Таможенные документы'!A:A,0)),IF(K15="Оформление экспортных грузов",INDEX('Экспортные грузы'!D:D,MATCH(A15,'Экспортные грузы'!A:A,0)),IF(K15="Терминальные операции",INDEX(Терминал!D:D,MATCH(A15,Терминал!A:A,0)),IF(K15="Документальное оформление ЖД грузов",INDEX('ЖД грузы'!D:D,MATCH(A15,'ЖД грузы'!A:A,0)),""))))),"") -> Функционал работы с Таможенными разрешениями + контроль весов | E15: =IFERROR(IF(K15="Обработка судовых документов",INDEX('Судовые документы'!E:E,MATCH(A15,'Судовые документы'!A:A,0)),IF(K15="Оформление таможенных документов",INDEX('Таможенные документы'!E:E,MATCH(A15,'Таможенные документы'!A:A,0)),IF(K15="Оформление экспортных грузов",INDEX('Экспортные грузы'!E:E,MATCH(A15,'Экспортные грузы'!A:A,0)),IF(K15="Терминальные операции",INDEX(Терминал!E:E,MATCH(A15,Терминал!A:A,0)),IF(K15="Документальное оформление ЖД грузов",INDEX('ЖД грузы'!E:E,MATCH(A15,'ЖД грузы'!A:A,0)),""))))),"") -> 2026 | F15: =IFERROR(IF(K15="Обработка судовых документов",INDEX('Судовые документы'!F:F,MATCH(A15,'Судовые документы'!A:A,0)),IF(K15="Оформление таможенных документов",INDEX('Таможенные документы'!F:F,MATCH(A15,'Таможенные документы'!A:A,0)),IF(K15="Оформление экспортных грузов",INDEX('Экспортные грузы'!F:F,MATCH(A15,'Экспортные грузы'!A:A,0)),IF(K15="Терминальные операции",INDEX(Терминал!F:F,MATCH(A15,Терминал!A:A,0)),IF(K15="Документальное оформление ЖД грузов",INDEX('ЖД грузы'!F:F,MATCH(A15,'ЖД грузы'!A:A,0)),""))))),"") -> В работе | G15: =IFERROR(IF(K15="Обработка судовых документов",INDEX('Судовые документы'!G:G,MATCH(A15,'Судовые документы'!A:A,0)),IF(K15="Оформление таможенных документов",INDEX('Таможенные документы'!G:G,MATCH(A15,'Таможенные документы'!A:A,0)),IF(K15="Оформление экспортных грузов",INDEX('Экспортные грузы'!G:G,MATCH(A15,'Экспортные грузы'!A:A,0)),IF(K15="Терминальные операции",INDEX(Терминал!G:G,MATCH(A15,Терминал!A:A,0)),IF(K15="Документальное оформление ЖД грузов",INDEX('ЖД грузы'!G:G,MATCH(A15,'ЖД грузы'!A:A,0)),""))))),"") -> Аналитика | H15: =IFERROR(IF(K15="Обработка судовых документов",INDEX('Судовые документы'!H:H,MATCH(A15,'Судовые документы'!A:A,0)),IF(K15="Оформление таможенных документов",INDEX('Таможенные документы'!H:H,MATCH(A15,'Таможенные документы'!A:A,0)),IF(K15="Оформление экспортных грузов",INDEX('Экспортные грузы'!H:H,MATCH(A15,'Экспортные грузы'!A:A,0)),IF(K15="Терминальные операции",INDEX(Терминал!H:H,MATCH(A15,Терминал!A:A,0)),IF(K15="Документальное оформление ЖД грузов",INDEX('ЖД грузы'!H:H,MATCH(A15,'ЖД грузы'!A:A,0)),""))))),"") -> 7.4.11 | I15: =IFERROR(IF(K15="Обработка судовых документов",INDEX('Судовые документы'!I:I,MATCH(A15,'Судовые документы'!A:A,0)),IF(K15="Оформление таможенных документов",INDEX('Таможенные документы'!I:I,MATCH(A15,'Таможенные документы'!A:A,0)),IF(K15="Оформление экспортных грузов",INDEX('Экспортные грузы'!I:I,MATCH(A15,'Экспортные грузы'!A:A,0)),IF(K15="Терминальные операции",INDEX(Терминал!I:I,MATCH(A15,Терминал!A:A,0)),IF(K15="Документальное оформление ЖД грузов",INDEX('ЖД грузы'!I:I,MATCH(A15,'ЖД грузы'!A:A,0)),""))))),"") -> 0 | J15: =IFERROR(IF(K15="Обработка судовых документов",INDEX('Судовые документы'!J:J,MATCH(A15,'Судовые документы'!A:A,0)),IF(K15="Оформление таможенных документов",INDEX('Таможенные документы'!J:J,MATCH(A15,'Таможенные документы'!A:A,0)),IF(K15="Оформление экспортных грузов",INDEX('Экспортные грузы'!J:J,MATCH(A15,'Экспортные грузы'!A:A,0)),IF(K15="Терминальные операции",INDEX(Терминал!J:J,MATCH(A15,Терминал!A:A,0)),IF(K15="Документальное оформление ЖД грузов",INDEX('ЖД грузы'!J:J,MATCH(A15,'ЖД грузы'!A:A,0)),""))))),"") -> Нет | K15: Оформление таможенных документов | L15: =IFERROR(IF(K15="Обработка судовых документов",INDEX('Судовые документы'!L:L,MATCH(A15,'Судовые документы'!A:A,0)),IF(K15="Оформление таможенных документов",INDEX('Таможенные документы'!L:L,MATCH(A15,'Таможенные документы'!A:A,0)),IF(K15="Оформление экспортных грузов",INDEX('Экспортные грузы'!L:L,MATCH(A15,'Экспортные грузы'!A:A,0)),IF(K15="Терминальные операции",INDEX(Терминал!L:L,MATCH(A15,Терминал!A:A,0)),IF(K15="Документальное оформление ЖД грузов",INDEX('ЖД грузы'!L:L,MATCH(A15,'ЖД грузы'!A:A,0)),""))))),"") -> Средний | M15: =IFERROR(IF(K15="Обработка судовых документов",INDEX('Судовые документы'!K:K,MATCH(A15,'Судовые документы'!A:A,0)),IF(K15="Оформление таможенных документов",INDEX('Таможенные документы'!K:K,MATCH(A15,'Таможенные документы'!A:A,0)),IF(K15="Оформление экспортных грузов",INDEX('Экспортные грузы'!K:K,MATCH(A15,'Экспортные грузы'!A:A,0)),IF(K15="Терминальные операции",INDEX(Терминал!K:K,MATCH(A15,Терминал!A:A,0)),IF(K15="Документальное оформление ЖД грузов",INDEX('ЖД грузы'!K:K,MATCH(A15,'ЖД грузы'!A:A,0)),""))))),"") -> 0
A16: ='Таможенные документы'!A9 -> 11 | B16: ='Таможенные документы'!B9 -> 4SC-RQ-CR-567 #2711673 | C16: ='Таможенные документы'!C9 -> ЖД импорт | D16: =IFERROR(IF(K16="Обработка судовых документов",INDEX('Судовые документы'!D:D,MATCH(A16,'Судовые документы'!A:A,0)),IF(K16="Оформление таможенных документов",INDEX('Таможенные документы'!D:D,MATCH(A16,'Таможенные документы'!A:A,0)),IF(K16="Оформление экспортных грузов",INDEX('Экспортные грузы'!D:D,MATCH(A16,'Экспортные грузы'!A:A,0)),IF(K16="Терминальные операции",INDEX(Терминал!D:D,MATCH(A16,Терминал!A:A,0)),IF(K16="Документальное оформление ЖД грузов",INDEX('ЖД грузы'!D:D,MATCH(A16,'ЖД грузы'!A:A,0)),""))))),"") -> ЖД импорт: ДО1, ДО2, ком. акт, растарки | E16: =IFERROR(IF(K16="Обработка судовых документов",INDEX('Судовые документы'!E:E,MATCH(A16,'Судовые документы'!A:A,0)),IF(K16="Оформление таможенных документов",INDEX('Таможенные документы'!E:E,MATCH(A16,'Таможенные документы'!A:A,0)),IF(K16="Оформление экспортных грузов",INDEX('Экспортные грузы'!E:E,MATCH(A16,'Экспортные грузы'!A:A,0)),IF(K16="Терминальные операции",INDEX(Терминал!E:E,MATCH(A16,Терминал!A:A,0)),IF(K16="Документальное оформление ЖД грузов",INDEX('ЖД грузы'!E:E,MATCH(A16,'ЖД грузы'!A:A,0)),""))))),"") -> 2026 | F16: =IFERROR(IF(K16="Обработка судовых документов",INDEX('Судовые документы'!F:F,MATCH(A16,'Судовые документы'!A:A,0)),IF(K16="Оформление таможенных документов",INDEX('Таможенные документы'!F:F,MATCH(A16,'Таможенные документы'!A:A,0)),IF(K16="Оформление экспортных грузов",INDEX('Экспортные грузы'!F:F,MATCH(A16,'Экспортные грузы'!A:A,0)),IF(K16="Терминальные операции",INDEX(Терминал!F:F,MATCH(A16,Терминал!A:A,0)),IF(K16="Документальное оформление ЖД грузов",INDEX('ЖД грузы'!F:F,MATCH(A16,'ЖД грузы'!A:A,0)),""))))),"") -> В работе | G16: =IFERROR(IF(K16="Обработка судовых документов",INDEX('Судовые документы'!G:G,MATCH(A16,'Судовые документы'!A:A,0)),IF(K16="Оформление таможенных документов",INDEX('Таможенные документы'!G:G,MATCH(A16,'Таможенные документы'!A:A,0)),IF(K16="Оформление экспортных грузов",INDEX('Экспортные грузы'!G:G,MATCH(A16,'Экспортные грузы'!A:A,0)),IF(K16="Терминальные операции",INDEX(Терминал!G:G,MATCH(A16,Терминал!A:A,0)),IF(K16="Документальное оформление ЖД грузов",INDEX('ЖД грузы'!G:G,MATCH(A16,'ЖД грузы'!A:A,0)),""))))),"") -> Аналитика | H16: =IFERROR(IF(K16="Обработка судовых документов",INDEX('Судовые документы'!H:H,MATCH(A16,'Судовые документы'!A:A,0)),IF(K16="Оформление таможенных документов",INDEX('Таможенные документы'!H:H,MATCH(A16,'Таможенные документы'!A:A,0)),IF(K16="Оформление экспортных грузов",INDEX('Экспортные грузы'!H:H,MATCH(A16,'Экспортные грузы'!A:A,0)),IF(K16="Терминальные операции",INDEX(Терминал!H:H,MATCH(A16,Терминал!A:A,0)),IF(K16="Документальное оформление ЖД грузов",INDEX('ЖД грузы'!H:H,MATCH(A16,'ЖД грузы'!A:A,0)),""))))),"") -> 7.4.11 | I16: =IFERROR(IF(K16="Обработка судовых документов",INDEX('Судовые документы'!I:I,MATCH(A16,'Судовые документы'!A:A,0)),IF(K16="Оформление таможенных документов",INDEX('Таможенные документы'!I:I,MATCH(A16,'Таможенные документы'!A:A,0)),IF(K16="Оформление экспортных грузов",INDEX('Экспортные грузы'!I:I,MATCH(A16,'Экспортные грузы'!A:A,0)),IF(K16="Терминальные операции",INDEX(Терминал!I:I,MATCH(A16,Терминал!A:A,0)),IF(K16="Документальное оформление ЖД грузов",INDEX('ЖД грузы'!I:I,MATCH(A16,'ЖД грузы'!A:A,0)),""))))),"") -> 0 | J16: =IFERROR(IF(K16="Обработка судовых документов",INDEX('Судовые документы'!J:J,MATCH(A16,'Судовые документы'!A:A,0)),IF(K16="Оформление таможенных документов",INDEX('Таможенные документы'!J:J,MATCH(A16,'Таможенные документы'!A:A,0)),IF(K16="Оформление экспортных грузов",INDEX('Экспортные грузы'!J:J,MATCH(A16,'Экспортные грузы'!A:A,0)),IF(K16="Терминальные операции",INDEX(Терминал!J:J,MATCH(A16,Терминал!A:A,0)),IF(K16="Документальное оформление ЖД грузов",INDEX('ЖД грузы'!J:J,MATCH(A16,'ЖД грузы'!A:A,0)),""))))),"") -> Нет | K16: Оформление таможенных документов | L16: =IFERROR(IF(K16="Обработка судовых документов",INDEX('Судовые документы'!L:L,MATCH(A16,'Судовые документы'!A:A,0)),IF(K16="Оформление таможенных документов",INDEX('Таможенные документы'!L:L,MATCH(A16,'Таможенные документы'!A:A,0)),IF(K16="Оформление экспортных грузов",INDEX('Экспортные грузы'!L:L,MATCH(A16,'Экспортные грузы'!A:A,0)),IF(K16="Терминальные операции",INDEX(Терминал!L:L,MATCH(A16,Терминал!A:A,0)),IF(K16="Документальное оформление ЖД грузов",INDEX('ЖД грузы'!L:L,MATCH(A16,'ЖД грузы'!A:A,0)),""))))),"") -> Средний | M16: =IFERROR(IF(K16="Обработка судовых документов",INDEX('Судовые документы'!K:K,MATCH(A16,'Судовые документы'!A:A,0)),IF(K16="Оформление таможенных документов",INDEX('Таможенные документы'!K:K,MATCH(A16,'Таможенные документы'!A:A,0)),IF(K16="Оформление экспортных грузов",INDEX('Экспортные грузы'!K:K,MATCH(A16,'Экспортные грузы'!A:A,0)),IF(K16="Терминальные операции",INDEX(Терминал!K:K,MATCH(A16,Терминал!A:A,0)),IF(K16="Документальное оформление ЖД грузов",INDEX('ЖД грузы'!K:K,MATCH(A16,'ЖД грузы'!A:A,0)),""))))),"") -> 0
A17: ='Таможенные документы'!A10 -> 12 | B17: ='Таможенные документы'!B10 -> 0 | C17: ='Таможенные документы'!C10 -> Прием импорта на авто | D17: =IFERROR(IF(K17="Обработка судовых документов",INDEX('Судовые документы'!D:D,MATCH(A17,'Судовые документы'!A:A,0)),IF(K17="Оформление таможенных документов",INDEX('Таможенные документы'!D:D,MATCH(A17,'Таможенные документы'!A:A,0)),IF(K17="Оформление экспортных грузов",INDEX('Экспортные грузы'!D:D,MATCH(A17,'Экспортные грузы'!A:A,0)),IF(K17="Терминальные операции",INDEX(Терминал!D:D,MATCH(A17,Терминал!A:A,0)),IF(K17="Документальное оформление ЖД грузов",INDEX('ЖД грузы'!D:D,MATCH(A17,'ЖД грузы'!A:A,0)),""))))),"") -> Оформление ДО-1, загрузка ТР, оформление ДО-2 | E17: =IFERROR(IF(K17="Обработка судовых документов",INDEX('Судовые документы'!E:E,MATCH(A17,'Судовые документы'!A:A,0)),IF(K17="Оформление таможенных документов",INDEX('Таможенные документы'!E:E,MATCH(A17,'Таможенные документы'!A:A,0)),IF(K17="Оформление экспортных грузов",INDEX('Экспортные грузы'!E:E,MATCH(A17,'Экспортные грузы'!A:A,0)),IF(K17="Терминальные операции",INDEX(Терминал!E:E,MATCH(A17,Терминал!A:A,0)),IF(K17="Документальное оформление ЖД грузов",INDEX('ЖД грузы'!E:E,MATCH(A17,'ЖД грузы'!A:A,0)),""))))),"") -> 2026 | F17: =IFERROR(IF(K17="Обработка судовых документов",INDEX('Судовые документы'!F:F,MATCH(A17,'Судовые документы'!A:A,0)),IF(K17="Оформление таможенных документов",INDEX('Таможенные документы'!F:F,MATCH(A17,'Таможенные документы'!A:A,0)),IF(K17="Оформление экспортных грузов",INDEX('Экспортные грузы'!F:F,MATCH(A17,'Экспортные грузы'!A:A,0)),IF(K17="Терминальные операции",INDEX(Терминал!F:F,MATCH(A17,Терминал!A:A,0)),IF(K17="Документальное оформление ЖД грузов",INDEX('ЖД грузы'!F:F,MATCH(A17,'ЖД грузы'!A:A,0)),""))))),"") -> В работе | G17: =IFERROR(IF(K17="Обработка судовых документов",INDEX('Судовые документы'!G:G,MATCH(A17,'Судовые документы'!A:A,0)),IF(K17="Оформление таможенных документов",INDEX('Таможенные документы'!G:G,MATCH(A17,'Таможенные документы'!A:A,0)),IF(K17="Оформление экспортных грузов",INDEX('Экспортные грузы'!G:G,MATCH(A17,'Экспортные грузы'!A:A,0)),IF(K17="Терминальные операции",INDEX(Терминал!G:G,MATCH(A17,Терминал!A:A,0)),IF(K17="Документальное оформление ЖД грузов",INDEX('ЖД грузы'!G:G,MATCH(A17,'ЖД грузы'!A:A,0)),""))))),"") -> Аналитика | H17: =IFERROR(IF(K17="Обработка судовых документов",INDEX('Судовые документы'!H:H,MATCH(A17,'Судовые документы'!A:A,0)),IF(K17="Оформление таможенных документов",INDEX('Таможенные документы'!H:H,MATCH(A17,'Таможенные документы'!A:A,0)),IF(K17="Оформление экспортных грузов",INDEX('Экспортные грузы'!H:H,MATCH(A17,'Экспортные грузы'!A:A,0)),IF(K17="Терминальные операции",INDEX(Терминал!H:H,MATCH(A17,Терминал!A:A,0)),IF(K17="Документальное оформление ЖД грузов",INDEX('ЖД грузы'!H:H,MATCH(A17,'ЖД грузы'!A:A,0)),""))))),"") -> 7.4.11 | I17: =IFERROR(IF(K17="Обработка судовых документов",INDEX('Судовые документы'!I:I,MATCH(A17,'Судовые документы'!A:A,0)),IF(K17="Оформление таможенных документов",INDEX('Таможенные документы'!I:I,MATCH(A17,'Таможенные документы'!A:A,0)),IF(K17="Оформление экспортных грузов",INDEX('Экспортные грузы'!I:I,MATCH(A17,'Экспортные грузы'!A:A,0)),IF(K17="Терминальные операции",INDEX(Терминал!I:I,MATCH(A17,Терминал!A:A,0)),IF(K17="Документальное оформление ЖД грузов",INDEX('ЖД грузы'!I:I,MATCH(A17,'ЖД грузы'!A:A,0)),""))))),"") -> 0 | J17: =IFERROR(IF(K17="Обработка судовых документов",INDEX('Судовые документы'!J:J,MATCH(A17,'Судовые документы'!A:A,0)),IF(K17="Оформление таможенных документов",INDEX('Таможенные документы'!J:J,MATCH(A17,'Таможенные документы'!A:A,0)),IF(K17="Оформление экспортных грузов",INDEX('Экспортные грузы'!J:J,MATCH(A17,'Экспортные грузы'!A:A,0)),IF(K17="Терминальные операции",INDEX(Терминал!J:J,MATCH(A17,Терминал!A:A,0)),IF(K17="Документальное оформление ЖД грузов",INDEX('ЖД грузы'!J:J,MATCH(A17,'ЖД грузы'!A:A,0)),""))))),"") -> Нет | K17: Оформление таможенных документов | L17: =IFERROR(IF(K17="Обработка судовых документов",INDEX('Судовые документы'!L:L,MATCH(A17,'Судовые документы'!A:A,0)),IF(K17="Оформление таможенных документов",INDEX('Таможенные документы'!L:L,MATCH(A17,'Таможенные документы'!A:A,0)),IF(K17="Оформление экспортных грузов",INDEX('Экспортные грузы'!L:L,MATCH(A17,'Экспортные грузы'!A:A,0)),IF(K17="Терминальные операции",INDEX(Терминал!L:L,MATCH(A17,Терминал!A:A,0)),IF(K17="Документальное оформление ЖД грузов",INDEX('ЖД грузы'!L:L,MATCH(A17,'ЖД грузы'!A:A,0)),""))))),"") -> Средний | M17: =IFERROR(IF(K17="Обработка судовых документов",INDEX('Судовые документы'!K:K,MATCH(A17,'Судовые документы'!A:A,0)),IF(K17="Оформление таможенных документов",INDEX('Таможенные документы'!K:K,MATCH(A17,'Таможенные документы'!A:A,0)),IF(K17="Оформление экспортных грузов",INDEX('Экспортные грузы'!K:K,MATCH(A17,'Экспортные грузы'!A:A,0)),IF(K17="Терминальные операции",INDEX(Терминал!K:K,MATCH(A17,Терминал!A:A,0)),IF(K17="Документальное оформление ЖД грузов",INDEX('ЖД грузы'!K:K,MATCH(A17,'ЖД грузы'!A:A,0)),""))))),"") -> 0
A18: ▸ Оформление экспортных грузов
A19: ='Экспортные грузы'!A6 -> 13 | B19: ='Экспортные грузы'!B6 -> 4SC-RQ-CR-859 #3985850 | C19: ='Экспортные грузы'!C6 -> Fill-Bill приемка ПнП через ЛКК | D19: =IFERROR(IF(K19="Обработка судовых документов",INDEX('Судовые документы'!D:D,MATCH(A19,'Судовые документы'!A:A,0)),IF(K19="Оформление таможенных документов",INDEX('Таможенные документы'!D:D,MATCH(A19,'Таможенные документы'!A:A,0)),IF(K19="Оформление экспортных грузов",INDEX('Экспортные грузы'!D:D,MATCH(A19,'Экспортные грузы'!A:A,0)),IF(K19="Терминальные операции",INDEX(Терминал!D:D,MATCH(A19,Терминал!A:A,0)),IF(K19="Документальное оформление ЖД грузов",INDEX('ЖД грузы'!D:D,MATCH(A19,'ЖД грузы'!A:A,0)),""))))),"") -> Функционал реализован в Fill-Bill. ОПЭ, ошибки | E19: =IFERROR(IF(K19="Обработка судовых документов",INDEX('Судовые документы'!E:E,MATCH(A19,'Судовые документы'!A:A,0)),IF(K19="Оформление таможенных документов",INDEX('Таможенные документы'!E:E,MATCH(A19,'Таможенные документы'!A:A,0)),IF(K19="Оформление экспортных грузов",INDEX('Экспортные грузы'!E:E,MATCH(A19,'Экспортные грузы'!A:A,0)),IF(K19="Терминальные операции",INDEX(Терминал!E:E,MATCH(A19,Терминал!A:A,0)),IF(K19="Документальное оформление ЖД грузов",INDEX('ЖД грузы'!E:E,MATCH(A19,'ЖД грузы'!A:A,0)),""))))),"") -> май 2026 | F19: =IFERROR(IF(K19="Обработка судовых документов",INDEX('Судовые документы'!F:F,MATCH(A19,'Судовые документы'!A:A,0)),IF(K19="Оформление таможенных документов",INDEX('Таможенные документы'!F:F,MATCH(A19,'Таможенные документы'!A:A,0)),IF(K19="Оформление экспортных грузов",INDEX('Экспортные грузы'!F:F,MATCH(A19,'Экспортные грузы'!A:A,0)),IF(K19="Терминальные операции",INDEX(Терминал!F:F,MATCH(A19,Терминал!A:A,0)),IF(K19="Документальное оформление ЖД грузов",INDEX('ЖД грузы'!F:F,MATCH(A19,'ЖД грузы'!A:A,0)),""))))),"") -> ОПЭ | G19: =IFERROR(IF(K19="Обработка судовых документов",INDEX('Судовые документы'!G:G,MATCH(A19,'Судовые документы'!A:A,0)),IF(K19="Оформление таможенных документов",INDEX('Таможенные документы'!G:G,MATCH(A19,'Таможенные документы'!A:A,0)),IF(K19="Оформление экспортных грузов",INDEX('Экспортные грузы'!G:G,MATCH(A19,'Экспортные грузы'!A:A,0)),IF(K19="Терминальные операции",INDEX(Терминал!G:G,MATCH(A19,Терминал!A:A,0)),IF(K19="Документальное оформление ЖД грузов",INDEX('ЖД грузы'!G:G,MATCH(A19,'ЖД грузы'!A:A,0)),""))))),"") -> Аналитика | H19: =IFERROR(IF(K19="Обработка судовых документов",INDEX('Судовые документы'!H:H,MATCH(A19,'Судовые документы'!A:A,0)),IF(K19="Оформление таможенных документов",INDEX('Таможенные документы'!H:H,MATCH(A19,'Таможенные документы'!A:A,0)),IF(K19="Оформление экспортных грузов",INDEX('Экспортные грузы'!H:H,MATCH(A19,'Экспортные грузы'!A:A,0)),IF(K19="Терминальные операции",INDEX(Терминал!H:H,MATCH(A19,Терминал!A:A,0)),IF(K19="Документальное оформление ЖД грузов",INDEX('ЖД грузы'!H:H,MATCH(A19,'ЖД грузы'!A:A,0)),""))))),"") -> 7.4.10 | I19: =IFERROR(IF(K19="Обработка судовых документов",INDEX('Судовые документы'!I:I,MATCH(A19,'Судовые документы'!A:A,0)),IF(K19="Оформление таможенных документов",INDEX('Таможенные документы'!I:I,MATCH(A19,'Таможенные документы'!A:A,0)),IF(K19="Оформление экспортных грузов",INDEX('Экспортные грузы'!I:I,MATCH(A19,'Экспортные грузы'!A:A,0)),IF(K19="Терминальные операции",INDEX(Терминал!I:I,MATCH(A19,Терминал!A:A,0)),IF(K19="Документальное оформление ЖД грузов",INDEX('ЖД грузы'!I:I,MATCH(A19,'ЖД грузы'!A:A,0)),""))))),"") -> 0 | J19: =IFERROR(IF(K19="Обработка судовых документов",INDEX('Судовые документы'!J:J,MATCH(A19,'Судовые документы'!A:A,0)),IF(K19="Оформление таможенных документов",INDEX('Таможенные документы'!J:J,MATCH(A19,'Таможенные документы'!A:A,0)),IF(K19="Оформление экспортных грузов",INDEX('Экспортные грузы'!J:J,MATCH(A19,'Экспортные грузы'!A:A,0)),IF(K19="Терминальные операции",INDEX(Терминал!J:J,MATCH(A19,Терминал!A:A,0)),IF(K19="Документальное оформление ЖД грузов",INDEX('ЖД грузы'!J:J,MATCH(A19,'ЖД грузы'!A:A,0)),""))))),"") -> Нет | K19: Оформление экспортных грузов | L19: =IFERROR(IF(K19="Обработка судовых документов",INDEX('Судовые документы'!L:L,MATCH(A19,'Судовые документы'!A:A,0)),IF(K19="Оформление таможенных документов",INDEX('Таможенные документы'!L:L,MATCH(A19,'Таможенные документы'!A:A,0)),IF(K19="Оформление экспортных грузов",INDEX('Экспортные грузы'!L:L,MATCH(A19,'Экспортные грузы'!A:A,0)),IF(K19="Терминальные операции",INDEX(Терминал!L:L,MATCH(A19,Терминал!A:A,0)),IF(K19="Документальное оформление ЖД грузов",INDEX('ЖД грузы'!L:L,MATCH(A19,'ЖД грузы'!A:A,0)),""))))),"") -> Средний | M19: =IFERROR(IF(K19="Обработка судовых документов",INDEX('Судовые документы'!K:K,MATCH(A19,'Судовые документы'!A:A,0)),IF(K19="Оформление таможенных документов",INDEX('Таможенные документы'!K:K,MATCH(A19,'Таможенные документы'!A:A,0)),IF(K19="Оформление экспортных грузов",INDEX('Экспортные грузы'!K:K,MATCH(A19,'Экспортные грузы'!A:A,0)),IF(K19="Терминальные операции",INDEX(Терминал!K:K,MATCH(A19,Терминал!A:A,0)),IF(K19="Документальное оформление ЖД грузов",INDEX('ЖД грузы'!K:K,MATCH(A19,'ЖД грузы'!A:A,0)),""))))),"") -> 0
A20: ='Экспортные грузы'!A7 -> 14 | B20: ='Экспортные грузы'!B7 -> 4SC-RQ-CR-725 #3089473 | C20: ='Экспортные грузы'!C7 -> Запрос на открытие букинга | D20: =IFERROR(IF(K20="Обработка судовых документов",INDEX('Судовые документы'!D:D,MATCH(A20,'Судовые документы'!A:A,0)),IF(K20="Оформление таможенных документов",INDEX('Таможенные документы'!D:D,MATCH(A20,'Таможенные документы'!A:A,0)),IF(K20="Оформление экспортных грузов",INDEX('Экспортные грузы'!D:D,MATCH(A20,'Экспортные грузы'!A:A,0)),IF(K20="Терминальные операции",INDEX(Терминал!D:D,MATCH(A20,Терминал!A:A,0)),IF(K20="Документальное оформление ЖД грузов",INDEX('ЖД грузы'!D:D,MATCH(A20,'ЖД грузы'!A:A,0)),""))))),"") -> Открытие (управление) букингами в ЛКК | E20: =IFERROR(IF(K20="Обработка судовых документов",INDEX('Судовые документы'!E:E,MATCH(A20,'Судовые документы'!A:A,0)),IF(K20="Оформление таможенных документов",INDEX('Таможенные документы'!E:E,MATCH(A20,'Таможенные документы'!A:A,0)),IF(K20="Оформление экспортных грузов",INDEX('Экспортные грузы'!E:E,MATCH(A20,'Экспортные грузы'!A:A,0)),IF(K20="Терминальные операции",INDEX(Терминал!E:E,MATCH(A20,Терминал!A:A,0)),IF(K20="Документальное оформление ЖД грузов",INDEX('ЖД грузы'!E:E,MATCH(A20,'ЖД грузы'!A:A,0)),""))))),"") -> май 2026 | F20: =IFERROR(IF(K20="Обработка судовых документов",INDEX('Судовые документы'!F:F,MATCH(A20,'Судовые документы'!A:A,0)),IF(K20="Оформление таможенных документов",INDEX('Таможенные документы'!F:F,MATCH(A20,'Таможенные документы'!A:A,0)),IF(K20="Оформление экспортных грузов",INDEX('Экспортные грузы'!F:F,MATCH(A20,'Экспортные грузы'!A:A,0)),IF(K20="Терминальные операции",INDEX(Терминал!F:F,MATCH(A20,Терминал!A:A,0)),IF(K20="Документальное оформление ЖД грузов",INDEX('ЖД грузы'!F:F,MATCH(A20,'ЖД грузы'!A:A,0)),""))))),"") -> В работе | G20: =IFERROR(IF(K20="Обработка судовых документов",INDEX('Судовые документы'!G:G,MATCH(A20,'Судовые документы'!A:A,0)),IF(K20="Оформление таможенных документов",INDEX('Таможенные документы'!G:G,MATCH(A20,'Таможенные документы'!A:A,0)),IF(K20="Оформление экспортных грузов",INDEX('Экспортные грузы'!G:G,MATCH(A20,'Экспортные грузы'!A:A,0)),IF(K20="Терминальные операции",INDEX(Терминал!G:G,MATCH(A20,Терминал!A:A,0)),IF(K20="Документальное оформление ЖД грузов",INDEX('ЖД грузы'!G:G,MATCH(A20,'ЖД грузы'!A:A,0)),""))))),"") -> Тестирование | H20: =IFERROR(IF(K20="Обработка судовых документов",INDEX('Судовые документы'!H:H,MATCH(A20,'Судовые документы'!A:A,0)),IF(K20="Оформление таможенных документов",INDEX('Таможенные документы'!H:H,MATCH(A20,'Таможенные документы'!A:A,0)),IF(K20="Оформление экспортных грузов",INDEX('Экспортные грузы'!H:H,MATCH(A20,'Экспортные грузы'!A:A,0)),IF(K20="Терминальные операции",INDEX(Терминал!H:H,MATCH(A20,Терминал!A:A,0)),IF(K20="Документальное оформление ЖД грузов",INDEX('ЖД грузы'!H:H,MATCH(A20,'ЖД грузы'!A:A,0)),""))))),"") -> 7.4.10 | I20: =IFERROR(IF(K20="Обработка судовых документов",INDEX('Судовые документы'!I:I,MATCH(A20,'Судовые документы'!A:A,0)),IF(K20="Оформление таможенных документов",INDEX('Таможенные документы'!I:I,MATCH(A20,'Таможенные документы'!A:A,0)),IF(K20="Оформление экспортных грузов",INDEX('Экспортные грузы'!I:I,MATCH(A20,'Экспортные грузы'!A:A,0)),IF(K20="Терминальные операции",INDEX(Терминал!I:I,MATCH(A20,Терминал!A:A,0)),IF(K20="Документальное оформление ЖД грузов",INDEX('ЖД грузы'!I:I,MATCH(A20,'ЖД грузы'!A:A,0)),""))))),"") -> 340 | J20: =IFERROR(IF(K20="Обработка судовых документов",INDEX('Судовые документы'!J:J,MATCH(A20,'Судовые документы'!A:A,0)),IF(K20="Оформление таможенных документов",INDEX('Таможенные документы'!J:J,MATCH(A20,'Таможенные документы'!A:A,0)),IF(K20="Оформление экспортных грузов",INDEX('Экспортные грузы'!J:J,MATCH(A20,'Экспортные грузы'!A:A,0)),IF(K20="Терминальные операции",INDEX(Терминал!J:J,MATCH(A20,Терминал!A:A,0)),IF(K20="Документальное оформление ЖД грузов",INDEX('ЖД грузы'!J:J,MATCH(A20,'ЖД грузы'!A:A,0)),""))))),"") -> Да | K20: Оформление экспортных грузов | L20: =IFERROR(IF(K20="Обработка судовых документов",INDEX('Судовые документы'!L:L,MATCH(A20,'Судовые документы'!A:A,0)),IF(K20="Оформление таможенных документов",INDEX('Таможенные документы'!L:L,MATCH(A20,'Таможенные документы'!A:A,0)),IF(K20="Оформление экспортных грузов",INDEX('Экспортные грузы'!L:L,MATCH(A20,'Экспортные грузы'!A:A,0)),IF(K20="Терминальные операции",INDEX(Терминал!L:L,MATCH(A20,Терминал!A:A,0)),IF(K20="Документальное оформление ЖД грузов",INDEX('ЖД грузы'!L:L,MATCH(A20,'ЖД грузы'!A:A,0)),""))))),"") -> Средний | M20: =IFERROR(IF(K20="Обработка судовых документов",INDEX('Судовые документы'!K:K,MATCH(A20,'Судовые документы'!A:A,0)),IF(K20="Оформление таможенных документов",INDEX('Таможенные документы'!K:K,MATCH(A20,'Таможенные документы'!A:A,0)),IF(K20="Оформление экспортных грузов",INDEX('Экспортные грузы'!K:K,MATCH(A20,'Экспортные грузы'!A:A,0)),IF(K20="Терминальные операции",INDEX(Терминал!K:K,MATCH(A20,Терминал!A:A,0)),IF(K20="Документальное оформление ЖД грузов",INDEX('ЖД грузы'!K:K,MATCH(A20,'ЖД грузы'!A:A,0)),""))))),"") -> 0
A21: ='Экспортные грузы'!A8 -> 15 | B21: ='Экспортные грузы'!B8 -> 4SC-RQ-CR-883 #3670931 | C21: ='Экспортные грузы'!C8 -> Изменения и обработка COPARN | D21: =IFERROR(IF(K21="Обработка судовых документов",INDEX('Судовые документы'!D:D,MATCH(A21,'Судовые документы'!A:A,0)),IF(K21="Оформление таможенных документов",INDEX('Таможенные документы'!D:D,MATCH(A21,'Таможенные документы'!A:A,0)),IF(K21="Оформление экспортных грузов",INDEX('Экспортные грузы'!D:D,MATCH(A21,'Экспортные грузы'!A:A,0)),IF(K21="Терминальные операции",INDEX(Терминал!D:D,MATCH(A21,Терминал!A:A,0)),IF(K21="Документальное оформление ЖД грузов",INDEX('ЖД грузы'!D:D,MATCH(A21,'ЖД грузы'!A:A,0)),""))))),"") -> Адресные контейнеры (ссылочные) MSC — без смены с/захода | E21: =IFERROR(IF(K21="Обработка судовых документов",INDEX('Судовые документы'!E:E,MATCH(A21,'Судовые документы'!A:A,0)),IF(K21="Оформление таможенных документов",INDEX('Таможенные документы'!E:E,MATCH(A21,'Таможенные документы'!A:A,0)),IF(K21="Оформление экспортных грузов",INDEX('Экспортные грузы'!E:E,MATCH(A21,'Экспортные грузы'!A:A,0)),IF(K21="Терминальные операции",INDEX(Терминал!E:E,MATCH(A21,Терминал!A:A,0)),IF(K21="Документальное оформление ЖД грузов",INDEX('ЖД грузы'!E:E,MATCH(A21,'ЖД грузы'!A:A,0)),""))))),"") -> выполнено | F21: =IFERROR(IF(K21="Обработка судовых документов",INDEX('Судовые документы'!F:F,MATCH(A21,'Судовые документы'!A:A,0)),IF(K21="Оформление таможенных документов",INDEX('Таможенные документы'!F:F,MATCH(A21,'Таможенные документы'!A:A,0)),IF(K21="Оформление экспортных грузов",INDEX('Экспортные грузы'!F:F,MATCH(A21,'Экспортные грузы'!A:A,0)),IF(K21="Терминальные операции",INDEX(Терминал!F:F,MATCH(A21,Терминал!A:A,0)),IF(K21="Документальное оформление ЖД грузов",INDEX('ЖД грузы'!F:F,MATCH(A21,'ЖД грузы'!A:A,0)),""))))),"") -> Выполнено | G21: =IFERROR(IF(K21="Обработка судовых документов",INDEX('Судовые документы'!G:G,MATCH(A21,'Судовые документы'!A:A,0)),IF(K21="Оформление таможенных документов",INDEX('Таможенные документы'!G:G,MATCH(A21,'Таможенные документы'!A:A,0)),IF(K21="Оформление экспортных грузов",INDEX('Экспортные грузы'!G:G,MATCH(A21,'Экспортные грузы'!A:A,0)),IF(K21="Терминальные операции",INDEX(Терминал!G:G,MATCH(A21,Терминал!A:A,0)),IF(K21="Документальное оформление ЖД грузов",INDEX('ЖД грузы'!G:G,MATCH(A21,'ЖД грузы'!A:A,0)),""))))),"") -> Установлено | H21: =IFERROR(IF(K21="Обработка судовых документов",INDEX('Судовые документы'!H:H,MATCH(A21,'Судовые документы'!A:A,0)),IF(K21="Оформление таможенных документов",INDEX('Таможенные документы'!H:H,MATCH(A21,'Таможенные документы'!A:A,0)),IF(K21="Оформление экспортных грузов",INDEX('Экспортные грузы'!H:H,MATCH(A21,'Экспортные грузы'!A:A,0)),IF(K21="Терминальные операции",INDEX(Терминал!H:H,MATCH(A21,Терминал!A:A,0)),IF(K21="Документальное оформление ЖД грузов",INDEX('ЖД грузы'!H:H,MATCH(A21,'ЖД грузы'!A:A,0)),""))))),"") -> 7.4.8 | I21: =IFERROR(IF(K21="Обработка судовых документов",INDEX('Судовые документы'!I:I,MATCH(A21,'Судовые документы'!A:A,0)),IF(K21="Оформление таможенных документов",INDEX('Таможенные документы'!I:I,MATCH(A21,'Таможенные документы'!A:A,0)),IF(K21="Оформление экспортных грузов",INDEX('Экспортные грузы'!I:I,MATCH(A21,'Экспортные грузы'!A:A,0)),IF(K21="Терминальные операции",INDEX(Терминал!I:I,MATCH(A21,Терминал!A:A,0)),IF(K21="Документальное оформление ЖД грузов",INDEX('ЖД грузы'!I:I,MATCH(A21,'ЖД грузы'!A:A,0)),""))))),"") -> 0 | J21: =IFERROR(IF(K21="Обработка судовых документов",INDEX('Судовые документы'!J:J,MATCH(A21,'Судовые документы'!A:A,0)),IF(K21="Оформление таможенных документов",INDEX('Таможенные документы'!J:J,MATCH(A21,'Таможенные документы'!A:A,0)),IF(K21="Оформление экспортных грузов",INDEX('Экспортные грузы'!J:J,MATCH(A21,'Экспортные грузы'!A:A,0)),IF(K21="Терминальные операции",INDEX(Терминал!J:J,MATCH(A21,Терминал!A:A,0)),IF(K21="Документальное оформление ЖД грузов",INDEX('ЖД грузы'!J:J,MATCH(A21,'ЖД грузы'!A:A,0)),""))))),"") -> Нет | K21: Оформление экспортных грузов | L21: =IFERROR(IF(K21="Обработка судовых документов",INDEX('Судовые документы'!L:L,MATCH(A21,'Судовые документы'!A:A,0)),IF(K21="Оформление таможенных документов",INDEX('Таможенные документы'!L:L,MATCH(A21,'Таможенные документы'!A:A,0)),IF(K21="Оформление экспортных грузов",INDEX('Экспортные грузы'!L:L,MATCH(A21,'Экспортные грузы'!A:A,0)),IF(K21="Терминальные операции",INDEX(Терминал!L:L,MATCH(A21,Терминал!A:A,0)),IF(K21="Документальное оформление ЖД грузов",INDEX('ЖД грузы'!L:L,MATCH(A21,'ЖД грузы'!A:A,0)),""))))),"") -> Средний | M21: =IFERROR(IF(K21="Обработка судовых документов",INDEX('Судовые документы'!K:K,MATCH(A21,'Судовые документы'!A:A,0)),IF(K21="Оформление таможенных документов",INDEX('Таможенные документы'!K:K,MATCH(A21,'Таможенные документы'!A:A,0)),IF(K21="Оформление экспортных грузов",INDEX('Экспортные грузы'!K:K,MATCH(A21,'Экспортные грузы'!A:A,0)),IF(K21="Терминальные операции",INDEX(Терминал!K:K,MATCH(A21,Терминал!A:A,0)),IF(K21="Документальное оформление ЖД грузов",INDEX('ЖД грузы'!K:K,MATCH(A21,'ЖД грузы'!A:A,0)),""))))),"") -> 0
A22: ='Экспортные грузы'!A9 -> 16 | B22: ='Экспортные грузы'!B9 -> 4SC-1-RQ-CR-792 #3304168 | C22: ='Экспортные грузы'!C9 -> Оформление возврата | D22: =IFERROR(IF(K22="Обработка судовых документов",INDEX('Судовые документы'!D:D,MATCH(A22,'Судовые документы'!A:A,0)),IF(K22="Оформление таможенных документов",INDEX('Таможенные документы'!D:D,MATCH(A22,'Таможенные документы'!A:A,0)),IF(K22="Оформление экспортных грузов",INDEX('Экспортные грузы'!D:D,MATCH(A22,'Экспортные грузы'!A:A,0)),IF(K22="Терминальные операции",INDEX(Терминал!D:D,MATCH(A22,Терминал!A:A,0)),IF(K22="Документальное оформление ЖД грузов",INDEX('ЖД грузы'!D:D,MATCH(A22,'ЖД грузы'!A:A,0)),""))))),"") -> Реализация в ЛКК КТСП функционала по оформлению возврата контейнера | E22: =IFERROR(IF(K22="Обработка судовых документов",INDEX('Судовые документы'!E:E,MATCH(A22,'Судовые документы'!A:A,0)),IF(K22="Оформление таможенных документов",INDEX('Таможенные документы'!E:E,MATCH(A22,'Таможенные документы'!A:A,0)),IF(K22="Оформление экспортных грузов",INDEX('Экспортные грузы'!E:E,MATCH(A22,'Экспортные грузы'!A:A,0)),IF(K22="Терминальные операции",INDEX(Терминал!E:E,MATCH(A22,Терминал!A:A,0)),IF(K22="Документальное оформление ЖД грузов",INDEX('ЖД грузы'!E:E,MATCH(A22,'ЖД грузы'!A:A,0)),""))))),"") -> май 2026 | F22: =IFERROR(IF(K22="Обработка судовых документов",INDEX('Судовые документы'!F:F,MATCH(A22,'Судовые документы'!A:A,0)),IF(K22="Оформление таможенных документов",INDEX('Таможенные документы'!F:F,MATCH(A22,'Таможенные документы'!A:A,0)),IF(K22="Оформление экспортных грузов",INDEX('Экспортные грузы'!F:F,MATCH(A22,'Экспортные грузы'!A:A,0)),IF(K22="Терминальные операции",INDEX(Терминал!F:F,MATCH(A22,Терминал!A:A,0)),IF(K22="Документальное оформление ЖД грузов",INDEX('ЖД грузы'!F:F,MATCH(A22,'ЖД грузы'!A:A,0)),""))))),"") -> Тестирование | G22: =IFERROR(IF(K22="Обработка судовых документов",INDEX('Судовые документы'!G:G,MATCH(A22,'Судовые документы'!A:A,0)),IF(K22="Оформление таможенных документов",INDEX('Таможенные документы'!G:G,MATCH(A22,'Таможенные документы'!A:A,0)),IF(K22="Оформление экспортных грузов",INDEX('Экспортные грузы'!G:G,MATCH(A22,'Экспортные грузы'!A:A,0)),IF(K22="Терминальные операции",INDEX(Терминал!G:G,MATCH(A22,Терминал!A:A,0)),IF(K22="Документальное оформление ЖД грузов",INDEX('ЖД грузы'!G:G,MATCH(A22,'ЖД грузы'!A:A,0)),""))))),"") -> Установлено | H22: =IFERROR(IF(K22="Обработка судовых документов",INDEX('Судовые документы'!H:H,MATCH(A22,'Судовые документы'!A:A,0)),IF(K22="Оформление таможенных документов",INDEX('Таможенные документы'!H:H,MATCH(A22,'Таможенные документы'!A:A,0)),IF(K22="Оформление экспортных грузов",INDEX('Экспортные грузы'!H:H,MATCH(A22,'Экспортные грузы'!A:A,0)),IF(K22="Терминальные операции",INDEX(Терминал!H:H,MATCH(A22,Терминал!A:A,0)),IF(K22="Документальное оформление ЖД грузов",INDEX('ЖД грузы'!H:H,MATCH(A22,'ЖД грузы'!A:A,0)),""))))),"") -> 7.4.9 | I22: =IFERROR(IF(K22="Обработка судовых документов",INDEX('Судовые документы'!I:I,MATCH(A22,'Судовые документы'!A:A,0)),IF(K22="Оформление таможенных документов",INDEX('Таможенные документы'!I:I,MATCH(A22,'Таможенные документы'!A:A,0)),IF(K22="Оформление экспортных грузов",INDEX('Экспортные грузы'!I:I,MATCH(A22,'Экспортные грузы'!A:A,0)),IF(K22="Терминальные операции",INDEX(Терминал!I:I,MATCH(A22,Терминал!A:A,0)),IF(K22="Документальное оформление ЖД грузов",INDEX('ЖД грузы'!I:I,MATCH(A22,'ЖД грузы'!A:A,0)),""))))),"") -> 192 | J22: =IFERROR(IF(K22="Обработка судовых документов",INDEX('Судовые документы'!J:J,MATCH(A22,'Судовые документы'!A:A,0)),IF(K22="Оформление таможенных документов",INDEX('Таможенные документы'!J:J,MATCH(A22,'Таможенные документы'!A:A,0)),IF(K22="Оформление экспортных грузов",INDEX('Экспортные грузы'!J:J,MATCH(A22,'Экспортные грузы'!A:A,0)),IF(K22="Терминальные операции",INDEX(Терминал!J:J,MATCH(A22,Терминал!A:A,0)),IF(K22="Документальное оформление ЖД грузов",INDEX('ЖД грузы'!J:J,MATCH(A22,'ЖД грузы'!A:A,0)),""))))),"") -> Да | K22: Оформление экспортных грузов | L22: =IFERROR(IF(K22="Обработка судовых документов",INDEX('Судовые документы'!L:L,MATCH(A22,'Судовые документы'!A:A,0)),IF(K22="Оформление таможенных документов",INDEX('Таможенные документы'!L:L,MATCH(A22,'Таможенные документы'!A:A,0)),IF(K22="Оформление экспортных грузов",INDEX('Экспортные грузы'!L:L,MATCH(A22,'Экспортные грузы'!A:A,0)),IF(K22="Терминальные операции",INDEX(Терминал!L:L,MATCH(A22,Терминал!A:A,0)),IF(K22="Документальное оформление ЖД грузов",INDEX('ЖД грузы'!L:L,MATCH(A22,'ЖД грузы'!A:A,0)),""))))),"") -> Средний | M22: =IFERROR(IF(K22="Обработка судовых документов",INDEX('Судовые документы'!K:K,MATCH(A22,'Судовые документы'!A:A,0)),IF(K22="Оформление таможенных документов",INDEX('Таможенные документы'!K:K,MATCH(A22,'Таможенные документы'!A:A,0)),IF(K22="Оформление экспортных грузов",INDEX('Экспортные грузы'!K:K,MATCH(A22,'Экспортные грузы'!A:A,0)),IF(K22="Терминальные операции",INDEX(Терминал!K:K,MATCH(A22,Терминал!A:A,0)),IF(K22="Документальное оформление ЖД грузов",INDEX('ЖД грузы'!K:K,MATCH(A22,'ЖД грузы'!A:A,0)),""))))),"") -> 0
A23: ='Экспортные грузы'!A10 -> 17 | B23: ='Экспортные грузы'!B10 -> 4SC-1-RQ-CR-794 #3307598 | C23: ='Экспортные грузы'!C10 -> Оформление заявки на смену владельца | D23: =IFERROR(IF(K23="Обработка судовых документов",INDEX('Судовые документы'!D:D,MATCH(A23,'Судовые документы'!A:A,0)),IF(K23="Оформление таможенных документов",INDEX('Таможенные документы'!D:D,MATCH(A23,'Таможенные документы'!A:A,0)),IF(K23="Оформление экспортных грузов",INDEX('Экспортные грузы'!D:D,MATCH(A23,'Экспортные грузы'!A:A,0)),IF(K23="Терминальные операции",INDEX(Терминал!D:D,MATCH(A23,Терминал!A:A,0)),IF(K23="Документальное оформление ЖД грузов",INDEX('ЖД грузы'!D:D,MATCH(A23,'ЖД грузы'!A:A,0)),""))))),"") -> Реализация в ЛКК КТСП функционала по смене владельца контейнера | E23: =IFERROR(IF(K23="Обработка судовых документов",INDEX('Судовые документы'!E:E,MATCH(A23,'Судовые документы'!A:A,0)),IF(K23="Оформление таможенных документов",INDEX('Таможенные документы'!E:E,MATCH(A23,'Таможенные документы'!A:A,0)),IF(K23="Оформление экспортных грузов",INDEX('Экспортные грузы'!E:E,MATCH(A23,'Экспортные грузы'!A:A,0)),IF(K23="Терминальные операции",INDEX(Терминал!E:E,MATCH(A23,Терминал!A:A,0)),IF(K23="Документальное оформление ЖД грузов",INDEX('ЖД грузы'!E:E,MATCH(A23,'ЖД грузы'!A:A,0)),""))))),"") -> 2026 | F23: =IFERROR(IF(K23="Обработка судовых документов",INDEX('Судовые документы'!F:F,MATCH(A23,'Судовые документы'!A:A,0)),IF(K23="Оформление таможенных документов",INDEX('Таможенные документы'!F:F,MATCH(A23,'Таможенные документы'!A:A,0)),IF(K23="Оформление экспортных грузов",INDEX('Экспортные грузы'!F:F,MATCH(A23,'Экспортные грузы'!A:A,0)),IF(K23="Терминальные операции",INDEX(Терминал!F:F,MATCH(A23,Терминал!A:A,0)),IF(K23="Документальное оформление ЖД грузов",INDEX('ЖД грузы'!F:F,MATCH(A23,'ЖД грузы'!A:A,0)),""))))),"") -> Приостановлена | G23: =IFERROR(IF(K23="Обработка судовых документов",INDEX('Судовые документы'!G:G,MATCH(A23,'Судовые документы'!A:A,0)),IF(K23="Оформление таможенных документов",INDEX('Таможенные документы'!G:G,MATCH(A23,'Таможенные документы'!A:A,0)),IF(K23="Оформление экспортных грузов",INDEX('Экспортные грузы'!G:G,MATCH(A23,'Экспортные грузы'!A:A,0)),IF(K23="Терминальные операции",INDEX(Терминал!G:G,MATCH(A23,Терминал!A:A,0)),IF(K23="Документальное оформление ЖД грузов",INDEX('ЖД грузы'!G:G,MATCH(A23,'ЖД грузы'!A:A,0)),""))))),"") -> Приостановлена | H23: =IFERROR(IF(K23="Обработка судовых документов",INDEX('Судовые документы'!H:H,MATCH(A23,'Судовые документы'!A:A,0)),IF(K23="Оформление таможенных документов",INDEX('Таможенные документы'!H:H,MATCH(A23,'Таможенные документы'!A:A,0)),IF(K23="Оформление экспортных грузов",INDEX('Экспортные грузы'!H:H,MATCH(A23,'Экспортные грузы'!A:A,0)),IF(K23="Терминальные операции",INDEX(Терминал!H:H,MATCH(A23,Терминал!A:A,0)),IF(K23="Документальное оформление ЖД грузов",INDEX('ЖД грузы'!H:H,MATCH(A23,'ЖД грузы'!A:A,0)),""))))),"") -> 7.4.11 | I23: =IFERROR(IF(K23="Обработка судовых документов",INDEX('Судовые документы'!I:I,MATCH(A23,'Судовые документы'!A:A,0)),IF(K23="Оформление таможенных документов",INDEX('Таможенные документы'!I:I,MATCH(A23,'Таможенные документы'!A:A,0)),IF(K23="Оформление экспортных грузов",INDEX('Экспортные грузы'!I:I,MATCH(A23,'Экспортные грузы'!A:A,0)),IF(K23="Терминальные операции",INDEX(Терминал!I:I,MATCH(A23,Терминал!A:A,0)),IF(K23="Документальное оформление ЖД грузов",INDEX('ЖД грузы'!I:I,MATCH(A23,'ЖД грузы'!A:A,0)),""))))),"") -> 0 | J23: =IFERROR(IF(K23="Обработка судовых документов",INDEX('Судовые документы'!J:J,MATCH(A23,'Судовые документы'!A:A,0)),IF(K23="Оформление таможенных документов",INDEX('Таможенные документы'!J:J,MATCH(A23,'Таможенные документы'!A:A,0)),IF(K23="Оформление экспортных грузов",INDEX('Экспортные грузы'!J:J,MATCH(A23,'Экспортные грузы'!A:A,0)),IF(K23="Терминальные операции",INDEX(Терминал!J:J,MATCH(A23,Терминал!A:A,0)),IF(K23="Документальное оформление ЖД грузов",INDEX('ЖД грузы'!J:J,MATCH(A23,'ЖД грузы'!A:A,0)),""))))),"") -> Нет | K23: Оформление экспортных грузов | L23: =IFERROR(IF(K23="Обработка судовых документов",INDEX('Судовые документы'!L:L,MATCH(A23,'Судовые документы'!A:A,0)),IF(K23="Оформление таможенных документов",INDEX('Таможенные документы'!L:L,MATCH(A23,'Таможенные документы'!A:A,0)),IF(K23="Оформление экспортных грузов",INDEX('Экспортные грузы'!L:L,MATCH(A23,'Экспортные грузы'!A:A,0)),IF(K23="Терминальные операции",INDEX(Терминал!L:L,MATCH(A23,Терминал!A:A,0)),IF(K23="Документальное оформление ЖД грузов",INDEX('ЖД грузы'!L:L,MATCH(A23,'ЖД грузы'!A:A,0)),""))))),"") -> Средний | M23: =IFERROR(IF(K23="Обработка судовых документов",INDEX('Судовые документы'!K:K,MATCH(A23,'Судовые документы'!A:A,0)),IF(K23="Оформление таможенных документов",INDEX('Таможенные документы'!K:K,MATCH(A23,'Таможенные документы'!A:A,0)),IF(K23="Оформление экспортных грузов",INDEX('Экспортные грузы'!K:K,MATCH(A23,'Экспортные грузы'!A:A,0)),IF(K23="Терминальные операции",INDEX(Терминал!K:K,MATCH(A23,Терминал!A:A,0)),IF(K23="Документальное оформление ЖД грузов",INDEX('ЖД грузы'!K:K,MATCH(A23,'ЖД грузы'!A:A,0)),""))))),"") -> 0
A24: ▸ Терминальные операции
A25: =Терминал!A6 -> 18 | B25: =Терминал!B6 -> 4SC-1-RQ-CR-801 #3312205 | C25: =Терминал!C6 -> Оформление заявки на растарку/затарку | D25: =IFERROR(IF(K25="Обработка судовых документов",INDEX('Судовые документы'!D:D,MATCH(A25,'Судовые документы'!A:A,0)),IF(K25="Оформление таможенных документов",INDEX('Таможенные документы'!D:D,MATCH(A25,'Таможенные документы'!A:A,0)),IF(K25="Оформление экспортных грузов",INDEX('Экспортные грузы'!D:D,MATCH(A25,'Экспортные грузы'!A:A,0)),IF(K25="Терминальные операции",INDEX(Терминал!D:D,MATCH(A25,Терминал!A:A,0)),IF(K25="Документальное оформление ЖД грузов",INDEX('ЖД грузы'!D:D,MATCH(A25,'ЖД грузы'!A:A,0)),""))))),"") -> Единая форма создания заявок на растарку и затарку на WEB портале | E25: =IFERROR(IF(K25="Обработка судовых документов",INDEX('Судовые документы'!E:E,MATCH(A25,'Судовые документы'!A:A,0)),IF(K25="Оформление таможенных документов",INDEX('Таможенные документы'!E:E,MATCH(A25,'Таможенные документы'!A:A,0)),IF(K25="Оформление экспортных грузов",INDEX('Экспортные грузы'!E:E,MATCH(A25,'Экспортные грузы'!A:A,0)),IF(K25="Терминальные операции",INDEX(Терминал!E:E,MATCH(A25,Терминал!A:A,0)),IF(K25="Документальное оформление ЖД грузов",INDEX('ЖД грузы'!E:E,MATCH(A25,'ЖД грузы'!A:A,0)),""))))),"") -> 2026 | F25: =IFERROR(IF(K25="Обработка судовых документов",INDEX('Судовые документы'!F:F,MATCH(A25,'Судовые документы'!A:A,0)),IF(K25="Оформление таможенных документов",INDEX('Таможенные документы'!F:F,MATCH(A25,'Таможенные документы'!A:A,0)),IF(K25="Оформление экспортных грузов",INDEX('Экспортные грузы'!F:F,MATCH(A25,'Экспортные грузы'!A:A,0)),IF(K25="Терминальные операции",INDEX(Терминал!F:F,MATCH(A25,Терминал!A:A,0)),IF(K25="Документальное оформление ЖД грузов",INDEX('ЖД грузы'!F:F,MATCH(A25,'ЖД грузы'!A:A,0)),""))))),"") -> В работе | G25: =IFERROR(IF(K25="Обработка судовых документов",INDEX('Судовые документы'!G:G,MATCH(A25,'Судовые документы'!A:A,0)),IF(K25="Оформление таможенных документов",INDEX('Таможенные документы'!G:G,MATCH(A25,'Таможенные документы'!A:A,0)),IF(K25="Оформление экспортных грузов",INDEX('Экспортные грузы'!G:G,MATCH(A25,'Экспортные грузы'!A:A,0)),IF(K25="Терминальные операции",INDEX(Терминал!G:G,MATCH(A25,Терминал!A:A,0)),IF(K25="Документальное оформление ЖД грузов",INDEX('ЖД грузы'!G:G,MATCH(A25,'ЖД грузы'!A:A,0)),""))))),"") -> Ожидает рассмотрения | H25: =IFERROR(IF(K25="Обработка судовых документов",INDEX('Судовые документы'!H:H,MATCH(A25,'Судовые документы'!A:A,0)),IF(K25="Оформление таможенных документов",INDEX('Таможенные документы'!H:H,MATCH(A25,'Таможенные документы'!A:A,0)),IF(K25="Оформление экспортных грузов",INDEX('Экспортные грузы'!H:H,MATCH(A25,'Экспортные грузы'!A:A,0)),IF(K25="Терминальные операции",INDEX(Терминал!H:H,MATCH(A25,Терминал!A:A,0)),IF(K25="Документальное оформление ЖД грузов",INDEX('ЖД грузы'!H:H,MATCH(A25,'ЖД грузы'!A:A,0)),""))))),"") -> Н/Д | I25: =IFERROR(IF(K25="Обработка судовых документов",INDEX('Судовые документы'!I:I,MATCH(A25,'Судовые документы'!A:A,0)),IF(K25="Оформление таможенных документов",INDEX('Таможенные документы'!I:I,MATCH(A25,'Таможенные документы'!A:A,0)),IF(K25="Оформление экспортных грузов",INDEX('Экспортные грузы'!I:I,MATCH(A25,'Экспортные грузы'!A:A,0)),IF(K25="Терминальные операции",INDEX(Терминал!I:I,MATCH(A25,Терминал!A:A,0)),IF(K25="Документальное оформление ЖД грузов",INDEX('ЖД грузы'!I:I,MATCH(A25,'ЖД грузы'!A:A,0)),""))))),"") -> 0 | J25: =IFERROR(IF(K25="Обработка судовых документов",INDEX('Судовые документы'!J:J,MATCH(A25,'Судовые документы'!A:A,0)),IF(K25="Оформление таможенных документов",INDEX('Таможенные документы'!J:J,MATCH(A25,'Таможенные документы'!A:A,0)),IF(K25="Оформление экспортных грузов",INDEX('Экспортные грузы'!J:J,MATCH(A25,'Экспортные грузы'!A:A,0)),IF(K25="Терминальные операции",INDEX(Терминал!J:J,MATCH(A25,Терминал!A:A,0)),IF(K25="Документальное оформление ЖД грузов",INDEX('ЖД грузы'!J:J,MATCH(A25,'ЖД грузы'!A:A,0)),""))))),"") -> Нет | K25: Терминальные операции | L25: =IFERROR(IF(K25="Обработка судовых документов",INDEX('Судовые документы'!L:L,MATCH(A25,'Судовые документы'!A:A,0)),IF(K25="Оформление таможенных документов",INDEX('Таможенные документы'!L:L,MATCH(A25,'Таможенные документы'!A:A,0)),IF(K25="Оформление экспортных грузов",INDEX('Экспортные грузы'!L:L,MATCH(A25,'Экспортные грузы'!A:A,0)),IF(K25="Терминальные операции",INDEX(Терминал!L:L,MATCH(A25,Терминал!A:A,0)),IF(K25="Документальное оформление ЖД грузов",INDEX('ЖД грузы'!L:L,MATCH(A25,'ЖД грузы'!A:A,0)),""))))),"") -> Средний | M25: =IFERROR(IF(K25="Обработка судовых документов",INDEX('Судовые документы'!K:K,MATCH(A25,'Судовые документы'!A:A,0)),IF(K25="Оформление таможенных документов",INDEX('Таможенные документы'!K:K,MATCH(A25,'Таможенные документы'!A:A,0)),IF(K25="Оформление экспортных грузов",INDEX('Экспортные грузы'!K:K,MATCH(A25,'Экспортные грузы'!A:A,0)),IF(K25="Терминальные операции",INDEX(Терминал!K:K,MATCH(A25,Терминал!A:A,0)),IF(K25="Документальное оформление ЖД грузов",INDEX('ЖД грузы'!K:K,MATCH(A25,'ЖД грузы'!A:A,0)),""))))),"") -> 0
A26: =Терминал!A7 -> 19 | B26: =Терминал!B7 -> 4SC-1-RQ-CR-793 #3307477 | C26: =Терминал!C7 -> Проставление даты оформления по растарке | D26: =IFERROR(IF(K26="Обработка судовых документов",INDEX('Судовые документы'!D:D,MATCH(A26,'Судовые документы'!A:A,0)),IF(K26="Оформление таможенных документов",INDEX('Таможенные документы'!D:D,MATCH(A26,'Таможенные документы'!A:A,0)),IF(K26="Оформление экспортных грузов",INDEX('Экспортные грузы'!D:D,MATCH(A26,'Экспортные грузы'!A:A,0)),IF(K26="Терминальные операции",INDEX(Терминал!D:D,MATCH(A26,Терминал!A:A,0)),IF(K26="Документальное оформление ЖД грузов",INDEX('ЖД грузы'!D:D,MATCH(A26,'ЖД грузы'!A:A,0)),""))))),"") -> Автоматизация установки даты оформления у растаренных контейнеров | E26: =IFERROR(IF(K26="Обработка судовых документов",INDEX('Судовые документы'!E:E,MATCH(A26,'Судовые документы'!A:A,0)),IF(K26="Оформление таможенных документов",INDEX('Таможенные документы'!E:E,MATCH(A26,'Таможенные документы'!A:A,0)),IF(K26="Оформление экспортных грузов",INDEX('Экспортные грузы'!E:E,MATCH(A26,'Экспортные грузы'!A:A,0)),IF(K26="Терминальные операции",INDEX(Терминал!E:E,MATCH(A26,Терминал!A:A,0)),IF(K26="Документальное оформление ЖД грузов",INDEX('ЖД грузы'!E:E,MATCH(A26,'ЖД грузы'!A:A,0)),""))))),"") -> выполнено | F26: =IFERROR(IF(K26="Обработка судовых документов",INDEX('Судовые документы'!F:F,MATCH(A26,'Судовые документы'!A:A,0)),IF(K26="Оформление таможенных документов",INDEX('Таможенные документы'!F:F,MATCH(A26,'Таможенные документы'!A:A,0)),IF(K26="Оформление экспортных грузов",INDEX('Экспортные грузы'!F:F,MATCH(A26,'Экспортные грузы'!A:A,0)),IF(K26="Терминальные операции",INDEX(Терминал!F:F,MATCH(A26,Терминал!A:A,0)),IF(K26="Документальное оформление ЖД грузов",INDEX('ЖД грузы'!F:F,MATCH(A26,'ЖД грузы'!A:A,0)),""))))),"") -> Выполнено | G26: =IFERROR(IF(K26="Обработка судовых документов",INDEX('Судовые документы'!G:G,MATCH(A26,'Судовые документы'!A:A,0)),IF(K26="Оформление таможенных документов",INDEX('Таможенные документы'!G:G,MATCH(A26,'Таможенные документы'!A:A,0)),IF(K26="Оформление экспортных грузов",INDEX('Экспортные грузы'!G:G,MATCH(A26,'Экспортные грузы'!A:A,0)),IF(K26="Терминальные операции",INDEX(Терминал!G:G,MATCH(A26,Терминал!A:A,0)),IF(K26="Документальное оформление ЖД грузов",INDEX('ЖД грузы'!G:G,MATCH(A26,'ЖД грузы'!A:A,0)),""))))),"") -> Новое | H26: =IFERROR(IF(K26="Обработка судовых документов",INDEX('Судовые документы'!H:H,MATCH(A26,'Судовые документы'!A:A,0)),IF(K26="Оформление таможенных документов",INDEX('Таможенные документы'!H:H,MATCH(A26,'Таможенные документы'!A:A,0)),IF(K26="Оформление экспортных грузов",INDEX('Экспортные грузы'!H:H,MATCH(A26,'Экспортные грузы'!A:A,0)),IF(K26="Терминальные операции",INDEX(Терминал!H:H,MATCH(A26,Терминал!A:A,0)),IF(K26="Документальное оформление ЖД грузов",INDEX('ЖД грузы'!H:H,MATCH(A26,'ЖД грузы'!A:A,0)),""))))),"") -> 7.4.8 | I26: =IFERROR(IF(K26="Обработка судовых документов",INDEX('Судовые документы'!I:I,MATCH(A26,'Судовые документы'!A:A,0)),IF(K26="Оформление таможенных документов",INDEX('Таможенные документы'!I:I,MATCH(A26,'Таможенные документы'!A:A,0)),IF(K26="Оформление экспортных грузов",INDEX('Экспортные грузы'!I:I,MATCH(A26,'Экспортные грузы'!A:A,0)),IF(K26="Терминальные операции",INDEX(Терминал!I:I,MATCH(A26,Терминал!A:A,0)),IF(K26="Документальное оформление ЖД грузов",INDEX('ЖД грузы'!I:I,MATCH(A26,'ЖД грузы'!A:A,0)),""))))),"") -> 70 | J26: =IFERROR(IF(K26="Обработка судовых документов",INDEX('Судовые документы'!J:J,MATCH(A26,'Судовые документы'!A:A,0)),IF(K26="Оформление таможенных документов",INDEX('Таможенные документы'!J:J,MATCH(A26,'Таможенные документы'!A:A,0)),IF(K26="Оформление экспортных грузов",INDEX('Экспортные грузы'!J:J,MATCH(A26,'Экспортные грузы'!A:A,0)),IF(K26="Терминальные операции",INDEX(Терминал!J:J,MATCH(A26,Терминал!A:A,0)),IF(K26="Документальное оформление ЖД грузов",INDEX('ЖД грузы'!J:J,MATCH(A26,'ЖД грузы'!A:A,0)),""))))),"") -> Да | K26: Терминальные операции | L26: =IFERROR(IF(K26="Обработка судовых документов",INDEX('Судовые документы'!L:L,MATCH(A26,'Судовые документы'!A:A,0)),IF(K26="Оформление таможенных документов",INDEX('Таможенные документы'!L:L,MATCH(A26,'Таможенные документы'!A:A,0)),IF(K26="Оформление экспортных грузов",INDEX('Экспортные грузы'!L:L,MATCH(A26,'Экспортные грузы'!A:A,0)),IF(K26="Терминальные операции",INDEX(Терминал!L:L,MATCH(A26,Терминал!A:A,0)),IF(K26="Документальное оформление ЖД грузов",INDEX('ЖД грузы'!L:L,MATCH(A26,'ЖД грузы'!A:A,0)),""))))),"") -> Средний | M26: =IFERROR(IF(K26="Обработка судовых документов",INDEX('Судовые документы'!K:K,MATCH(A26,'Судовые документы'!A:A,0)),IF(K26="Оформление таможенных документов",INDEX('Таможенные документы'!K:K,MATCH(A26,'Таможенные документы'!A:A,0)),IF(K26="Оформление экспортных грузов",INDEX('Экспортные грузы'!K:K,MATCH(A26,'Экспортные грузы'!A:A,0)),IF(K26="Терминальные операции",INDEX(Терминал!K:K,MATCH(A26,Терминал!A:A,0)),IF(K26="Документальное оформление ЖД грузов",INDEX('ЖД грузы'!K:K,MATCH(A26,'ЖД грузы'!A:A,0)),""))))),"") -> 0
A27: =Терминал!A8 -> 20 | B27: =Терминал!B8 -> 4SC-1-RQ-CR-803 #3313227 | C27: =Терминал!C8 -> Реализация функционала частичной растарки | D27: =IFERROR(IF(K27="Обработка судовых документов",INDEX('Судовые документы'!D:D,MATCH(A27,'Судовые документы'!A:A,0)),IF(K27="Оформление таможенных документов",INDEX('Таможенные документы'!D:D,MATCH(A27,'Таможенные документы'!A:A,0)),IF(K27="Оформление экспортных грузов",INDEX('Экспортные грузы'!D:D,MATCH(A27,'Экспортные грузы'!A:A,0)),IF(K27="Терминальные операции",INDEX(Терминал!D:D,MATCH(A27,Терминал!A:A,0)),IF(K27="Документальное оформление ЖД грузов",INDEX('ЖД грузы'!D:D,MATCH(A27,'ЖД грузы'!A:A,0)),""))))),"") -> В ЛКК добавить возможность создания заявок на растарку в ТС с признаком частичной растарки | E27: =IFERROR(IF(K27="Обработка судовых документов",INDEX('Судовые документы'!E:E,MATCH(A27,'Судовые документы'!A:A,0)),IF(K27="Оформление таможенных документов",INDEX('Таможенные документы'!E:E,MATCH(A27,'Таможенные документы'!A:A,0)),IF(K27="Оформление экспортных грузов",INDEX('Экспортные грузы'!E:E,MATCH(A27,'Экспортные грузы'!A:A,0)),IF(K27="Терминальные операции",INDEX(Терминал!E:E,MATCH(A27,Терминал!A:A,0)),IF(K27="Документальное оформление ЖД грузов",INDEX('ЖД грузы'!E:E,MATCH(A27,'ЖД грузы'!A:A,0)),""))))),"") -> ОПЭ | F27: =IFERROR(IF(K27="Обработка судовых документов",INDEX('Судовые документы'!F:F,MATCH(A27,'Судовые документы'!A:A,0)),IF(K27="Оформление таможенных документов",INDEX('Таможенные документы'!F:F,MATCH(A27,'Таможенные документы'!A:A,0)),IF(K27="Оформление экспортных грузов",INDEX('Экспортные грузы'!F:F,MATCH(A27,'Экспортные грузы'!A:A,0)),IF(K27="Терминальные операции",INDEX(Терминал!F:F,MATCH(A27,Терминал!A:A,0)),IF(K27="Документальное оформление ЖД грузов",INDEX('ЖД грузы'!F:F,MATCH(A27,'ЖД грузы'!A:A,0)),""))))),"") -> ОПЭ | G27: =IFERROR(IF(K27="Обработка судовых документов",INDEX('Судовые документы'!G:G,MATCH(A27,'Судовые документы'!A:A,0)),IF(K27="Оформление таможенных документов",INDEX('Таможенные документы'!G:G,MATCH(A27,'Таможенные документы'!A:A,0)),IF(K27="Оформление экспортных грузов",INDEX('Экспортные грузы'!G:G,MATCH(A27,'Экспортные грузы'!A:A,0)),IF(K27="Терминальные операции",INDEX(Терминал!G:G,MATCH(A27,Терминал!A:A,0)),IF(K27="Документальное оформление ЖД грузов",INDEX('ЖД грузы'!G:G,MATCH(A27,'ЖД грузы'!A:A,0)),""))))),"") -> Установлено | H27: =IFERROR(IF(K27="Обработка судовых документов",INDEX('Судовые документы'!H:H,MATCH(A27,'Судовые документы'!A:A,0)),IF(K27="Оформление таможенных документов",INDEX('Таможенные документы'!H:H,MATCH(A27,'Таможенные документы'!A:A,0)),IF(K27="Оформление экспортных грузов",INDEX('Экспортные грузы'!H:H,MATCH(A27,'Экспортные грузы'!A:A,0)),IF(K27="Терминальные операции",INDEX(Терминал!H:H,MATCH(A27,Терминал!A:A,0)),IF(K27="Документальное оформление ЖД грузов",INDEX('ЖД грузы'!H:H,MATCH(A27,'ЖД грузы'!A:A,0)),""))))),"") -> 7.4.9 | I27: =IFERROR(IF(K27="Обработка судовых документов",INDEX('Судовые документы'!I:I,MATCH(A27,'Судовые документы'!A:A,0)),IF(K27="Оформление таможенных документов",INDEX('Таможенные документы'!I:I,MATCH(A27,'Таможенные документы'!A:A,0)),IF(K27="Оформление экспортных грузов",INDEX('Экспортные грузы'!I:I,MATCH(A27,'Экспортные грузы'!A:A,0)),IF(K27="Терминальные операции",INDEX(Терминал!I:I,MATCH(A27,Терминал!A:A,0)),IF(K27="Документальное оформление ЖД грузов",INDEX('ЖД грузы'!I:I,MATCH(A27,'ЖД грузы'!A:A,0)),""))))),"") -> 96 | J27: =IFERROR(IF(K27="Обработка судовых документов",INDEX('Судовые документы'!J:J,MATCH(A27,'Судовые документы'!A:A,0)),IF(K27="Оформление таможенных документов",INDEX('Таможенные документы'!J:J,MATCH(A27,'Таможенные документы'!A:A,0)),IF(K27="Оформление экспортных грузов",INDEX('Экспортные грузы'!J:J,MATCH(A27,'Экспортные грузы'!A:A,0)),IF(K27="Терминальные операции",INDEX(Терминал!J:J,MATCH(A27,Терминал!A:A,0)),IF(K27="Документальное оформление ЖД грузов",INDEX('ЖД грузы'!J:J,MATCH(A27,'ЖД грузы'!A:A,0)),""))))),"") -> Да | K27: Терминальные операции | L27: =IFERROR(IF(K27="Обработка судовых документов",INDEX('Судовые документы'!L:L,MATCH(A27,'Судовые документы'!A:A,0)),IF(K27="Оформление таможенных документов",INDEX('Таможенные документы'!L:L,MATCH(A27,'Таможенные документы'!A:A,0)),IF(K27="Оформление экспортных грузов",INDEX('Экспортные грузы'!L:L,MATCH(A27,'Экспортные грузы'!A:A,0)),IF(K27="Терминальные операции",INDEX(Терминал!L:L,MATCH(A27,Терминал!A:A,0)),IF(K27="Документальное оформление ЖД грузов",INDEX('ЖД грузы'!L:L,MATCH(A27,'ЖД грузы'!A:A,0)),""))))),"") -> Средний | M27: =IFERROR(IF(K27="Обработка судовых документов",INDEX('Судовые документы'!K:K,MATCH(A27,'Судовые документы'!A:A,0)),IF(K27="Оформление таможенных документов",INDEX('Таможенные документы'!K:K,MATCH(A27,'Таможенные документы'!A:A,0)),IF(K27="Оформление экспортных грузов",INDEX('Экспортные грузы'!K:K,MATCH(A27,'Экспортные грузы'!A:A,0)),IF(K27="Терминальные операции",INDEX(Терминал!K:K,MATCH(A27,Терминал!A:A,0)),IF(K27="Документальное оформление ЖД грузов",INDEX('ЖД грузы'!K:K,MATCH(A27,'ЖД грузы'!A:A,0)),""))))),"") -> 0
A28: =Терминал!A9 -> 21 | B28: =Терминал!B9 -> 4SC-1-RQ-CR-800 #3312196 | C28: =Терминал!C9 -> Создание заявок на перетарку на WEB | D28: =IFERROR(IF(K28="Обработка судовых документов",INDEX('Судовые документы'!D:D,MATCH(A28,'Судовые документы'!A:A,0)),IF(K28="Оформление таможенных документов",INDEX('Таможенные документы'!D:D,MATCH(A28,'Таможенные документы'!A:A,0)),IF(K28="Оформление экспортных грузов",INDEX('Экспортные грузы'!D:D,MATCH(A28,'Экспортные грузы'!A:A,0)),IF(K28="Терминальные операции",INDEX(Терминал!D:D,MATCH(A28,Терминал!A:A,0)),IF(K28="Документальное оформление ЖД грузов",INDEX('ЖД грузы'!D:D,MATCH(A28,'ЖД грузы'!A:A,0)),""))))),"") -> На WEB портал добавить форму для создания заявок на перетарку | E28: =IFERROR(IF(K28="Обработка судовых документов",INDEX('Судовые документы'!E:E,MATCH(A28,'Судовые документы'!A:A,0)),IF(K28="Оформление таможенных документов",INDEX('Таможенные документы'!E:E,MATCH(A28,'Таможенные документы'!A:A,0)),IF(K28="Оформление экспортных грузов",INDEX('Экспортные грузы'!E:E,MATCH(A28,'Экспортные грузы'!A:A,0)),IF(K28="Терминальные операции",INDEX(Терминал!E:E,MATCH(A28,Терминал!A:A,0)),IF(K28="Документальное оформление ЖД грузов",INDEX('ЖД грузы'!E:E,MATCH(A28,'ЖД грузы'!A:A,0)),""))))),"") -> 2026 | F28: =IFERROR(IF(K28="Обработка судовых документов",INDEX('Судовые документы'!F:F,MATCH(A28,'Судовые документы'!A:A,0)),IF(K28="Оформление таможенных документов",INDEX('Таможенные документы'!F:F,MATCH(A28,'Таможенные документы'!A:A,0)),IF(K28="Оформление экспортных грузов",INDEX('Экспортные грузы'!F:F,MATCH(A28,'Экспортные грузы'!A:A,0)),IF(K28="Терминальные операции",INDEX(Терминал!F:F,MATCH(A28,Терминал!A:A,0)),IF(K28="Документальное оформление ЖД грузов",INDEX('ЖД грузы'!F:F,MATCH(A28,'ЖД грузы'!A:A,0)),""))))),"") -> В работе | G28: =IFERROR(IF(K28="Обработка судовых документов",INDEX('Судовые документы'!G:G,MATCH(A28,'Судовые документы'!A:A,0)),IF(K28="Оформление таможенных документов",INDEX('Таможенные документы'!G:G,MATCH(A28,'Таможенные документы'!A:A,0)),IF(K28="Оформление экспортных грузов",INDEX('Экспортные грузы'!G:G,MATCH(A28,'Экспортные грузы'!A:A,0)),IF(K28="Терминальные операции",INDEX(Терминал!G:G,MATCH(A28,Терминал!A:A,0)),IF(K28="Документальное оформление ЖД грузов",INDEX('ЖД грузы'!G:G,MATCH(A28,'ЖД грузы'!A:A,0)),""))))),"") -> Оценка | H28: =IFERROR(IF(K28="Обработка судовых документов",INDEX('Судовые документы'!H:H,MATCH(A28,'Судовые документы'!A:A,0)),IF(K28="Оформление таможенных документов",INDEX('Таможенные документы'!H:H,MATCH(A28,'Таможенные документы'!A:A,0)),IF(K28="Оформление экспортных грузов",INDEX('Экспортные грузы'!H:H,MATCH(A28,'Экспортные грузы'!A:A,0)),IF(K28="Терминальные операции",INDEX(Терминал!H:H,MATCH(A28,Терминал!A:A,0)),IF(K28="Документальное оформление ЖД грузов",INDEX('ЖД грузы'!H:H,MATCH(A28,'ЖД грузы'!A:A,0)),""))))),"") -> 7.4.11 | I28: =IFERROR(IF(K28="Обработка судовых документов",INDEX('Судовые документы'!I:I,MATCH(A28,'Судовые документы'!A:A,0)),IF(K28="Оформление таможенных документов",INDEX('Таможенные документы'!I:I,MATCH(A28,'Таможенные документы'!A:A,0)),IF(K28="Оформление экспортных грузов",INDEX('Экспортные грузы'!I:I,MATCH(A28,'Экспортные грузы'!A:A,0)),IF(K28="Терминальные операции",INDEX(Терминал!I:I,MATCH(A28,Терминал!A:A,0)),IF(K28="Документальное оформление ЖД грузов",INDEX('ЖД грузы'!I:I,MATCH(A28,'ЖД грузы'!A:A,0)),""))))),"") -> 320 | J28: =IFERROR(IF(K28="Обработка судовых документов",INDEX('Судовые документы'!J:J,MATCH(A28,'Судовые документы'!A:A,0)),IF(K28="Оформление таможенных документов",INDEX('Таможенные документы'!J:J,MATCH(A28,'Таможенные документы'!A:A,0)),IF(K28="Оформление экспортных грузов",INDEX('Экспортные грузы'!J:J,MATCH(A28,'Экспортные грузы'!A:A,0)),IF(K28="Терминальные операции",INDEX(Терминал!J:J,MATCH(A28,Терминал!A:A,0)),IF(K28="Документальное оформление ЖД грузов",INDEX('ЖД грузы'!J:J,MATCH(A28,'ЖД грузы'!A:A,0)),""))))),"") -> Да | K28: Терминальные операции | L28: =IFERROR(IF(K28="Обработка судовых документов",INDEX('Судовые документы'!L:L,MATCH(A28,'Судовые документы'!A:A,0)),IF(K28="Оформление таможенных документов",INDEX('Таможенные документы'!L:L,MATCH(A28,'Таможенные документы'!A:A,0)),IF(K28="Оформление экспортных грузов",INDEX('Экспортные грузы'!L:L,MATCH(A28,'Экспортные грузы'!A:A,0)),IF(K28="Терминальные операции",INDEX(Терминал!L:L,MATCH(A28,Терминал!A:A,0)),IF(K28="Документальное оформление ЖД грузов",INDEX('ЖД грузы'!L:L,MATCH(A28,'ЖД грузы'!A:A,0)),""))))),"") -> Средний | M28: =IFERROR(IF(K28="Обработка судовых документов",INDEX('Судовые документы'!K:K,MATCH(A28,'Судовые документы'!A:A,0)),IF(K28="Оформление таможенных документов",INDEX('Таможенные документы'!K:K,MATCH(A28,'Таможенные документы'!A:A,0)),IF(K28="Оформление экспортных грузов",INDEX('Экспортные грузы'!K:K,MATCH(A28,'Экспортные грузы'!A:A,0)),IF(K28="Терминальные операции",INDEX(Терминал!K:K,MATCH(A28,Терминал!A:A,0)),IF(K28="Документальное оформление ЖД грузов",INDEX('ЖД грузы'!K:K,MATCH(A28,'ЖД грузы'!A:A,0)),""))))),"") -> 0
A29: =Терминал!A10 -> 22 | B29: =Терминал!B10 -> 4SC-RQ-CR-852 #3451221 | C29: =Терминал!C10 -> Инфо при создании ЗАВ на растарку в ТС | D29: =IFERROR(IF(K29="Обработка судовых документов",INDEX('Судовые документы'!D:D,MATCH(A29,'Судовые документы'!A:A,0)),IF(K29="Оформление таможенных документов",INDEX('Таможенные документы'!D:D,MATCH(A29,'Таможенные документы'!A:A,0)),IF(K29="Оформление экспортных грузов",INDEX('Экспортные грузы'!D:D,MATCH(A29,'Экспортные грузы'!A:A,0)),IF(K29="Терминальные операции",INDEX(Терминал!D:D,MATCH(A29,Терминал!A:A,0)),IF(K29="Документальное оформление ЖД грузов",INDEX('ЖД грузы'!D:D,MATCH(A29,'ЖД грузы'!A:A,0)),""))))),"") -> Добавить столбцы «Растариваемый вес» и «Количество единиц» в таблицу ЛКК | E29: =IFERROR(IF(K29="Обработка судовых документов",INDEX('Судовые документы'!E:E,MATCH(A29,'Судовые документы'!A:A,0)),IF(K29="Оформление таможенных документов",INDEX('Таможенные документы'!E:E,MATCH(A29,'Таможенные документы'!A:A,0)),IF(K29="Оформление экспортных грузов",INDEX('Экспортные грузы'!E:E,MATCH(A29,'Экспортные грузы'!A:A,0)),IF(K29="Терминальные операции",INDEX(Терминал!E:E,MATCH(A29,Терминал!A:A,0)),IF(K29="Документальное оформление ЖД грузов",INDEX('ЖД грузы'!E:E,MATCH(A29,'ЖД грузы'!A:A,0)),""))))),"") -> ОПЭ | F29: =IFERROR(IF(K29="Обработка судовых документов",INDEX('Судовые документы'!F:F,MATCH(A29,'Судовые документы'!A:A,0)),IF(K29="Оформление таможенных документов",INDEX('Таможенные документы'!F:F,MATCH(A29,'Таможенные документы'!A:A,0)),IF(K29="Оформление экспортных грузов",INDEX('Экспортные грузы'!F:F,MATCH(A29,'Экспортные грузы'!A:A,0)),IF(K29="Терминальные операции",INDEX(Терминал!F:F,MATCH(A29,Терминал!A:A,0)),IF(K29="Документальное оформление ЖД грузов",INDEX('ЖД грузы'!F:F,MATCH(A29,'ЖД грузы'!A:A,0)),""))))),"") -> ОПЭ | G29: =IFERROR(IF(K29="Обработка судовых документов",INDEX('Судовые документы'!G:G,MATCH(A29,'Судовые документы'!A:A,0)),IF(K29="Оформление таможенных документов",INDEX('Таможенные документы'!G:G,MATCH(A29,'Таможенные документы'!A:A,0)),IF(K29="Оформление экспортных грузов",INDEX('Экспортные грузы'!G:G,MATCH(A29,'Экспортные грузы'!A:A,0)),IF(K29="Терминальные операции",INDEX(Терминал!G:G,MATCH(A29,Терминал!A:A,0)),IF(K29="Документальное оформление ЖД грузов",INDEX('ЖД грузы'!G:G,MATCH(A29,'ЖД грузы'!A:A,0)),""))))),"") -> Установлено | H29: =IFERROR(IF(K29="Обработка судовых документов",INDEX('Судовые документы'!H:H,MATCH(A29,'Судовые документы'!A:A,0)),IF(K29="Оформление таможенных документов",INDEX('Таможенные документы'!H:H,MATCH(A29,'Таможенные документы'!A:A,0)),IF(K29="Оформление экспортных грузов",INDEX('Экспортные грузы'!H:H,MATCH(A29,'Экспортные грузы'!A:A,0)),IF(K29="Терминальные операции",INDEX(Терминал!H:H,MATCH(A29,Терминал!A:A,0)),IF(K29="Документальное оформление ЖД грузов",INDEX('ЖД грузы'!H:H,MATCH(A29,'ЖД грузы'!A:A,0)),""))))),"") -> 7.4.9 | I29: =IFERROR(IF(K29="Обработка судовых документов",INDEX('Судовые документы'!I:I,MATCH(A29,'Судовые документы'!A:A,0)),IF(K29="Оформление таможенных документов",INDEX('Таможенные документы'!I:I,MATCH(A29,'Таможенные документы'!A:A,0)),IF(K29="Оформление экспортных грузов",INDEX('Экспортные грузы'!I:I,MATCH(A29,'Экспортные грузы'!A:A,0)),IF(K29="Терминальные операции",INDEX(Терминал!I:I,MATCH(A29,Терминал!A:A,0)),IF(K29="Документальное оформление ЖД грузов",INDEX('ЖД грузы'!I:I,MATCH(A29,'ЖД грузы'!A:A,0)),""))))),"") -> 23 | J29: =IFERROR(IF(K29="Обработка судовых документов",INDEX('Судовые документы'!J:J,MATCH(A29,'Судовые документы'!A:A,0)),IF(K29="Оформление таможенных документов",INDEX('Таможенные документы'!J:J,MATCH(A29,'Таможенные документы'!A:A,0)),IF(K29="Оформление экспортных грузов",INDEX('Экспортные грузы'!J:J,MATCH(A29,'Экспортные грузы'!A:A,0)),IF(K29="Терминальные операции",INDEX(Терминал!J:J,MATCH(A29,Терминал!A:A,0)),IF(K29="Документальное оформление ЖД грузов",INDEX('ЖД грузы'!J:J,MATCH(A29,'ЖД грузы'!A:A,0)),""))))),"") -> Да | K29: Терминальные операции | L29: =IFERROR(IF(K29="Обработка судовых документов",INDEX('Судовые документы'!L:L,MATCH(A29,'Судовые документы'!A:A,0)),IF(K29="Оформление таможенных документов",INDEX('Таможенные документы'!L:L,MATCH(A29,'Таможенные документы'!A:A,0)),IF(K29="Оформление экспортных грузов",INDEX('Экспортные грузы'!L:L,MATCH(A29,'Экспортные грузы'!A:A,0)),IF(K29="Терминальные операции",INDEX(Терминал!L:L,MATCH(A29,Терминал!A:A,0)),IF(K29="Документальное оформление ЖД грузов",INDEX('ЖД грузы'!L:L,MATCH(A29,'ЖД грузы'!A:A,0)),""))))),"") -> Средний | M29: =IFERROR(IF(K29="Обработка судовых документов",INDEX('Судовые документы'!K:K,MATCH(A29,'Судовые документы'!A:A,0)),IF(K29="Оформление таможенных документов",INDEX('Таможенные документы'!K:K,MATCH(A29,'Таможенные документы'!A:A,0)),IF(K29="Оформление экспортных грузов",INDEX('Экспортные грузы'!K:K,MATCH(A29,'Экспортные грузы'!A:A,0)),IF(K29="Терминальные операции",INDEX(Терминал!K:K,MATCH(A29,Терминал!A:A,0)),IF(K29="Документальное оформление ЖД грузов",INDEX('ЖД грузы'!K:K,MATCH(A29,'ЖД грузы'!A:A,0)),""))))),"") -> 0
A30: =Терминал!A11 -> 23 | B30: =Терминал!B11 -> 4SC-RQ-CR-717 #3074729 | C30: =Терминал!C11 -> Оформление заявки на досмотр/взвешивание | D30: =IFERROR(IF(K30="Обработка судовых документов",INDEX('Судовые документы'!D:D,MATCH(A30,'Судовые документы'!A:A,0)),IF(K30="Оформление таможенных документов",INDEX('Таможенные документы'!D:D,MATCH(A30,'Таможенные документы'!A:A,0)),IF(K30="Оформление экспортных грузов",INDEX('Экспортные грузы'!D:D,MATCH(A30,'Экспортные грузы'!A:A,0)),IF(K30="Терминальные операции",INDEX(Терминал!D:D,MATCH(A30,Терминал!A:A,0)),IF(K30="Документальное оформление ЖД грузов",INDEX('ЖД грузы'!D:D,MATCH(A30,'ЖД грузы'!A:A,0)),""))))),"") -> Реализация web-интерфейса для заявок на таможенные процедуры от ГКО | E30: =IFERROR(IF(K30="Обработка судовых документов",INDEX('Судовые документы'!E:E,MATCH(A30,'Судовые документы'!A:A,0)),IF(K30="Оформление таможенных документов",INDEX('Таможенные документы'!E:E,MATCH(A30,'Таможенные документы'!A:A,0)),IF(K30="Оформление экспортных грузов",INDEX('Экспортные грузы'!E:E,MATCH(A30,'Экспортные грузы'!A:A,0)),IF(K30="Терминальные операции",INDEX(Терминал!E:E,MATCH(A30,Терминал!A:A,0)),IF(K30="Документальное оформление ЖД грузов",INDEX('ЖД грузы'!E:E,MATCH(A30,'ЖД грузы'!A:A,0)),""))))),"") -> выполнено | F30: =IFERROR(IF(K30="Обработка судовых документов",INDEX('Судовые документы'!F:F,MATCH(A30,'Судовые документы'!A:A,0)),IF(K30="Оформление таможенных документов",INDEX('Таможенные документы'!F:F,MATCH(A30,'Таможенные документы'!A:A,0)),IF(K30="Оформление экспортных грузов",INDEX('Экспортные грузы'!F:F,MATCH(A30,'Экспортные грузы'!A:A,0)),IF(K30="Терминальные операции",INDEX(Терминал!F:F,MATCH(A30,Терминал!A:A,0)),IF(K30="Документальное оформление ЖД грузов",INDEX('ЖД грузы'!F:F,MATCH(A30,'ЖД грузы'!A:A,0)),""))))),"") -> Выполнено | G30: =IFERROR(IF(K30="Обработка судовых документов",INDEX('Судовые документы'!G:G,MATCH(A30,'Судовые документы'!A:A,0)),IF(K30="Оформление таможенных документов",INDEX('Таможенные документы'!G:G,MATCH(A30,'Таможенные документы'!A:A,0)),IF(K30="Оформление экспортных грузов",INDEX('Экспортные грузы'!G:G,MATCH(A30,'Экспортные грузы'!A:A,0)),IF(K30="Терминальные операции",INDEX(Терминал!G:G,MATCH(A30,Терминал!A:A,0)),IF(K30="Документальное оформление ЖД грузов",INDEX('ЖД грузы'!G:G,MATCH(A30,'ЖД грузы'!A:A,0)),""))))),"") -> Установлено | H30: =IFERROR(IF(K30="Обработка судовых документов",INDEX('Судовые документы'!H:H,MATCH(A30,'Судовые документы'!A:A,0)),IF(K30="Оформление таможенных документов",INDEX('Таможенные документы'!H:H,MATCH(A30,'Таможенные документы'!A:A,0)),IF(K30="Оформление экспортных грузов",INDEX('Экспортные грузы'!H:H,MATCH(A30,'Экспортные грузы'!A:A,0)),IF(K30="Терминальные операции",INDEX(Терминал!H:H,MATCH(A30,Терминал!A:A,0)),IF(K30="Документальное оформление ЖД грузов",INDEX('ЖД грузы'!H:H,MATCH(A30,'ЖД грузы'!A:A,0)),""))))),"") -> 7.4.7 | I30: =IFERROR(IF(K30="Обработка судовых документов",INDEX('Судовые документы'!I:I,MATCH(A30,'Судовые документы'!A:A,0)),IF(K30="Оформление таможенных документов",INDEX('Таможенные документы'!I:I,MATCH(A30,'Таможенные документы'!A:A,0)),IF(K30="Оформление экспортных грузов",INDEX('Экспортные грузы'!I:I,MATCH(A30,'Экспортные грузы'!A:A,0)),IF(K30="Терминальные операции",INDEX(Терминал!I:I,MATCH(A30,Терминал!A:A,0)),IF(K30="Документальное оформление ЖД грузов",INDEX('ЖД грузы'!I:I,MATCH(A30,'ЖД грузы'!A:A,0)),""))))),"") -> 60 | J30: =IFERROR(IF(K30="Обработка судовых документов",INDEX('Судовые документы'!J:J,MATCH(A30,'Судовые документы'!A:A,0)),IF(K30="Оформление таможенных документов",INDEX('Таможенные документы'!J:J,MATCH(A30,'Таможенные документы'!A:A,0)),IF(K30="Оформление экспортных грузов",INDEX('Экспортные грузы'!J:J,MATCH(A30,'Экспортные грузы'!A:A,0)),IF(K30="Терминальные операции",INDEX(Терминал!J:J,MATCH(A30,Терминал!A:A,0)),IF(K30="Документальное оформление ЖД грузов",INDEX('ЖД грузы'!J:J,MATCH(A30,'ЖД грузы'!A:A,0)),""))))),"") -> Да | K30: Терминальные операции | L30: =IFERROR(IF(K30="Обработка судовых документов",INDEX('Судовые документы'!L:L,MATCH(A30,'Судовые документы'!A:A,0)),IF(K30="Оформление таможенных документов",INDEX('Таможенные документы'!L:L,MATCH(A30,'Таможенные документы'!A:A,0)),IF(K30="Оформление экспортных грузов",INDEX('Экспортные грузы'!L:L,MATCH(A30,'Экспортные грузы'!A:A,0)),IF(K30="Терминальные операции",INDEX(Терминал!L:L,MATCH(A30,Терминал!A:A,0)),IF(K30="Документальное оформление ЖД грузов",INDEX('ЖД грузы'!L:L,MATCH(A30,'ЖД грузы'!A:A,0)),""))))),"") -> Средний | M30: =IFERROR(IF(K30="Обработка судовых документов",INDEX('Судовые документы'!K:K,MATCH(A30,'Судовые документы'!A:A,0)),IF(K30="Оформление таможенных документов",INDEX('Таможенные документы'!K:K,MATCH(A30,'Таможенные документы'!A:A,0)),IF(K30="Оформление экспортных грузов",INDEX('Экспортные грузы'!K:K,MATCH(A30,'Экспортные грузы'!A:A,0)),IF(K30="Терминальные операции",INDEX(Терминал!K:K,MATCH(A30,Терминал!A:A,0)),IF(K30="Документальное оформление ЖД грузов",INDEX('ЖД грузы'!K:K,MATCH(A30,'ЖД грузы'!A:A,0)),""))))),"") -> 0
A31: =Терминал!A12 -> 24 | B31: =Терминал!B12 -> 4SC-RQ-CR-717 #3074729 | C31: =Терминал!C12 -> Оформление таможенного запрета | D31: =IFERROR(IF(K31="Обработка судовых документов",INDEX('Судовые документы'!D:D,MATCH(A31,'Судовые документы'!A:A,0)),IF(K31="Оформление таможенных документов",INDEX('Таможенные документы'!D:D,MATCH(A31,'Таможенные документы'!A:A,0)),IF(K31="Оформление экспортных грузов",INDEX('Экспортные грузы'!D:D,MATCH(A31,'Экспортные грузы'!A:A,0)),IF(K31="Терминальные операции",INDEX(Терминал!D:D,MATCH(A31,Терминал!A:A,0)),IF(K31="Документальное оформление ЖД грузов",INDEX('ЖД грузы'!D:D,MATCH(A31,'ЖД грузы'!A:A,0)),""))))),"") -> Оформление таможенного запрета в web-интерфейсе | E31: =IFERROR(IF(K31="Обработка судовых документов",INDEX('Судовые документы'!E:E,MATCH(A31,'Судовые документы'!A:A,0)),IF(K31="Оформление таможенных документов",INDEX('Таможенные документы'!E:E,MATCH(A31,'Таможенные документы'!A:A,0)),IF(K31="Оформление экспортных грузов",INDEX('Экспортные грузы'!E:E,MATCH(A31,'Экспортные грузы'!A:A,0)),IF(K31="Терминальные операции",INDEX(Терминал!E:E,MATCH(A31,Терминал!A:A,0)),IF(K31="Документальное оформление ЖД грузов",INDEX('ЖД грузы'!E:E,MATCH(A31,'ЖД грузы'!A:A,0)),""))))),"") -> выполнено | F31: =IFERROR(IF(K31="Обработка судовых документов",INDEX('Судовые документы'!F:F,MATCH(A31,'Судовые документы'!A:A,0)),IF(K31="Оформление таможенных документов",INDEX('Таможенные документы'!F:F,MATCH(A31,'Таможенные документы'!A:A,0)),IF(K31="Оформление экспортных грузов",INDEX('Экспортные грузы'!F:F,MATCH(A31,'Экспортные грузы'!A:A,0)),IF(K31="Терминальные операции",INDEX(Терминал!F:F,MATCH(A31,Терминал!A:A,0)),IF(K31="Документальное оформление ЖД грузов",INDEX('ЖД грузы'!F:F,MATCH(A31,'ЖД грузы'!A:A,0)),""))))),"") -> Выполнено | G31: =IFERROR(IF(K31="Обработка судовых документов",INDEX('Судовые документы'!G:G,MATCH(A31,'Судовые документы'!A:A,0)),IF(K31="Оформление таможенных документов",INDEX('Таможенные документы'!G:G,MATCH(A31,'Таможенные документы'!A:A,0)),IF(K31="Оформление экспортных грузов",INDEX('Экспортные грузы'!G:G,MATCH(A31,'Экспортные грузы'!A:A,0)),IF(K31="Терминальные операции",INDEX(Терминал!G:G,MATCH(A31,Терминал!A:A,0)),IF(K31="Документальное оформление ЖД грузов",INDEX('ЖД грузы'!G:G,MATCH(A31,'ЖД грузы'!A:A,0)),""))))),"") -> Установлено | H31: =IFERROR(IF(K31="Обработка судовых документов",INDEX('Судовые документы'!H:H,MATCH(A31,'Судовые документы'!A:A,0)),IF(K31="Оформление таможенных документов",INDEX('Таможенные документы'!H:H,MATCH(A31,'Таможенные документы'!A:A,0)),IF(K31="Оформление экспортных грузов",INDEX('Экспортные грузы'!H:H,MATCH(A31,'Экспортные грузы'!A:A,0)),IF(K31="Терминальные операции",INDEX(Терминал!H:H,MATCH(A31,Терминал!A:A,0)),IF(K31="Документальное оформление ЖД грузов",INDEX('ЖД грузы'!H:H,MATCH(A31,'ЖД грузы'!A:A,0)),""))))),"") -> 7.4.7 | I31: =IFERROR(IF(K31="Обработка судовых документов",INDEX('Судовые документы'!I:I,MATCH(A31,'Судовые документы'!A:A,0)),IF(K31="Оформление таможенных документов",INDEX('Таможенные документы'!I:I,MATCH(A31,'Таможенные документы'!A:A,0)),IF(K31="Оформление экспортных грузов",INDEX('Экспортные грузы'!I:I,MATCH(A31,'Экспортные грузы'!A:A,0)),IF(K31="Терминальные операции",INDEX(Терминал!I:I,MATCH(A31,Терминал!A:A,0)),IF(K31="Документальное оформление ЖД грузов",INDEX('ЖД грузы'!I:I,MATCH(A31,'ЖД грузы'!A:A,0)),""))))),"") -> 20 | J31: =IFERROR(IF(K31="Обработка судовых документов",INDEX('Судовые документы'!J:J,MATCH(A31,'Судовые документы'!A:A,0)),IF(K31="Оформление таможенных документов",INDEX('Таможенные документы'!J:J,MATCH(A31,'Таможенные документы'!A:A,0)),IF(K31="Оформление экспортных грузов",INDEX('Экспортные грузы'!J:J,MATCH(A31,'Экспортные грузы'!A:A,0)),IF(K31="Терминальные операции",INDEX(Терминал!J:J,MATCH(A31,Терминал!A:A,0)),IF(K31="Документальное оформление ЖД грузов",INDEX('ЖД грузы'!J:J,MATCH(A31,'ЖД грузы'!A:A,0)),""))))),"") -> Да | K31: Терминальные операции | L31: =IFERROR(IF(K31="Обработка судовых документов",INDEX('Судовые документы'!L:L,MATCH(A31,'Судовые документы'!A:A,0)),IF(K31="Оформление таможенных документов",INDEX('Таможенные документы'!L:L,MATCH(A31,'Таможенные документы'!A:A,0)),IF(K31="Оформление экспортных грузов",INDEX('Экспортные грузы'!L:L,MATCH(A31,'Экспортные грузы'!A:A,0)),IF(K31="Терминальные операции",INDEX(Терминал!L:L,MATCH(A31,Терминал!A:A,0)),IF(K31="Документальное оформление ЖД грузов",INDEX('ЖД грузы'!L:L,MATCH(A31,'ЖД грузы'!A:A,0)),""))))),"") -> Средний | M31: =IFERROR(IF(K31="Обработка судовых документов",INDEX('Судовые документы'!K:K,MATCH(A31,'Судовые документы'!A:A,0)),IF(K31="Оформление таможенных документов",INDEX('Таможенные документы'!K:K,MATCH(A31,'Таможенные документы'!A:A,0)),IF(K31="Оформление экспортных грузов",INDEX('Экспортные грузы'!K:K,MATCH(A31,'Экспортные грузы'!A:A,0)),IF(K31="Терминальные операции",INDEX(Терминал!K:K,MATCH(A31,Терминал!A:A,0)),IF(K31="Документальное оформление ЖД грузов",INDEX('ЖД грузы'!K:K,MATCH(A31,'ЖД грузы'!A:A,0)),""))))),"") -> 0
A32: =Терминал!A13 -> 25 | B32: =Терминал!B13 -> 4SC-RQ-CR-969 #3975634 | C32: =Терминал!C13 -> Отображение данных по досмотру в событиях ЛКК | D32: =IFERROR(IF(K32="Обработка судовых документов",INDEX('Судовые документы'!D:D,MATCH(A32,'Судовые документы'!A:A,0)),IF(K32="Оформление таможенных документов",INDEX('Таможенные документы'!D:D,MATCH(A32,'Таможенные документы'!A:A,0)),IF(K32="Оформление экспортных грузов",INDEX('Экспортные грузы'!D:D,MATCH(A32,'Экспортные грузы'!A:A,0)),IF(K32="Терминальные операции",INDEX(Терминал!D:D,MATCH(A32,Терминал!A:A,0)),IF(K32="Документальное оформление ЖД грузов",INDEX('ЖД грузы'!D:D,MATCH(A32,'ЖД грузы'!A:A,0)),""))))),"") -> Доп требование от 26.09.2025 | E32: =IFERROR(IF(K32="Обработка судовых документов",INDEX('Судовые документы'!E:E,MATCH(A32,'Судовые документы'!A:A,0)),IF(K32="Оформление таможенных документов",INDEX('Таможенные документы'!E:E,MATCH(A32,'Таможенные документы'!A:A,0)),IF(K32="Оформление экспортных грузов",INDEX('Экспортные грузы'!E:E,MATCH(A32,'Экспортные грузы'!A:A,0)),IF(K32="Терминальные операции",INDEX(Терминал!E:E,MATCH(A32,Терминал!A:A,0)),IF(K32="Документальное оформление ЖД грузов",INDEX('ЖД грузы'!E:E,MATCH(A32,'ЖД грузы'!A:A,0)),""))))),"") -> 2026 | F32: =IFERROR(IF(K32="Обработка судовых документов",INDEX('Судовые документы'!F:F,MATCH(A32,'Судовые документы'!A:A,0)),IF(K32="Оформление таможенных документов",INDEX('Таможенные документы'!F:F,MATCH(A32,'Таможенные документы'!A:A,0)),IF(K32="Оформление экспортных грузов",INDEX('Экспортные грузы'!F:F,MATCH(A32,'Экспортные грузы'!A:A,0)),IF(K32="Терминальные операции",INDEX(Терминал!F:F,MATCH(A32,Терминал!A:A,0)),IF(K32="Документальное оформление ЖД грузов",INDEX('ЖД грузы'!F:F,MATCH(A32,'ЖД грузы'!A:A,0)),""))))),"") -> В работе | G32: =IFERROR(IF(K32="Обработка судовых документов",INDEX('Судовые документы'!G:G,MATCH(A32,'Судовые документы'!A:A,0)),IF(K32="Оформление таможенных документов",INDEX('Таможенные документы'!G:G,MATCH(A32,'Таможенные документы'!A:A,0)),IF(K32="Оформление экспортных грузов",INDEX('Экспортные грузы'!G:G,MATCH(A32,'Экспортные грузы'!A:A,0)),IF(K32="Терминальные операции",INDEX(Терминал!G:G,MATCH(A32,Терминал!A:A,0)),IF(K32="Документальное оформление ЖД грузов",INDEX('ЖД грузы'!G:G,MATCH(A32,'ЖД грузы'!A:A,0)),""))))),"") -> Ожидает рассмотрения | H32: =IFERROR(IF(K32="Обработка судовых документов",INDEX('Судовые документы'!H:H,MATCH(A32,'Судовые документы'!A:A,0)),IF(K32="Оформление таможенных документов",INDEX('Таможенные документы'!H:H,MATCH(A32,'Таможенные документы'!A:A,0)),IF(K32="Оформление экспортных грузов",INDEX('Экспортные грузы'!H:H,MATCH(A32,'Экспортные грузы'!A:A,0)),IF(K32="Терминальные операции",INDEX(Терминал!H:H,MATCH(A32,Терминал!A:A,0)),IF(K32="Документальное оформление ЖД грузов",INDEX('ЖД грузы'!H:H,MATCH(A32,'ЖД грузы'!A:A,0)),""))))),"") -> Н/Д | I32: =IFERROR(IF(K32="Обработка судовых документов",INDEX('Судовые документы'!I:I,MATCH(A32,'Судовые документы'!A:A,0)),IF(K32="Оформление таможенных документов",INDEX('Таможенные документы'!I:I,MATCH(A32,'Таможенные документы'!A:A,0)),IF(K32="Оформление экспортных грузов",INDEX('Экспортные грузы'!I:I,MATCH(A32,'Экспортные грузы'!A:A,0)),IF(K32="Терминальные операции",INDEX(Терминал!I:I,MATCH(A32,Терминал!A:A,0)),IF(K32="Документальное оформление ЖД грузов",INDEX('ЖД грузы'!I:I,MATCH(A32,'ЖД грузы'!A:A,0)),""))))),"") -> 0 | J32: =IFERROR(IF(K32="Обработка судовых документов",INDEX('Судовые документы'!J:J,MATCH(A32,'Судовые документы'!A:A,0)),IF(K32="Оформление таможенных документов",INDEX('Таможенные документы'!J:J,MATCH(A32,'Таможенные документы'!A:A,0)),IF(K32="Оформление экспортных грузов",INDEX('Экспортные грузы'!J:J,MATCH(A32,'Экспортные грузы'!A:A,0)),IF(K32="Терминальные операции",INDEX(Терминал!J:J,MATCH(A32,Терминал!A:A,0)),IF(K32="Документальное оформление ЖД грузов",INDEX('ЖД грузы'!J:J,MATCH(A32,'ЖД грузы'!A:A,0)),""))))),"") -> Нет | K32: Терминальные операции | L32: =IFERROR(IF(K32="Обработка судовых документов",INDEX('Судовые документы'!L:L,MATCH(A32,'Судовые документы'!A:A,0)),IF(K32="Оформление таможенных документов",INDEX('Таможенные документы'!L:L,MATCH(A32,'Таможенные документы'!A:A,0)),IF(K32="Оформление экспортных грузов",INDEX('Экспортные грузы'!L:L,MATCH(A32,'Экспортные грузы'!A:A,0)),IF(K32="Терминальные операции",INDEX(Терминал!L:L,MATCH(A32,Терминал!A:A,0)),IF(K32="Документальное оформление ЖД грузов",INDEX('ЖД грузы'!L:L,MATCH(A32,'ЖД грузы'!A:A,0)),""))))),"") -> Средний | M32: =IFERROR(IF(K32="Обработка судовых документов",INDEX('Судовые документы'!K:K,MATCH(A32,'Судовые документы'!A:A,0)),IF(K32="Оформление таможенных документов",INDEX('Таможенные документы'!K:K,MATCH(A32,'Таможенные документы'!A:A,0)),IF(K32="Оформление экспортных грузов",INDEX('Экспортные грузы'!K:K,MATCH(A32,'Экспортные грузы'!A:A,0)),IF(K32="Терминальные операции",INDEX(Терминал!K:K,MATCH(A32,Терминал!A:A,0)),IF(K32="Документальное оформление ЖД грузов",INDEX('ЖД грузы'!K:K,MATCH(A32,'ЖД грузы'!A:A,0)),""))))),"") -> 0
A33: =Терминал!A14 -> 26 | B33: =Терминал!B14 -> 4SC-RQ-CR-588 #2747185 | C33: =Терминал!C14 -> Оформление номинации | D33: =IFERROR(IF(K33="Обработка судовых документов",INDEX('Судовые документы'!D:D,MATCH(A33,'Судовые документы'!A:A,0)),IF(K33="Оформление таможенных документов",INDEX('Таможенные документы'!D:D,MATCH(A33,'Таможенные документы'!A:A,0)),IF(K33="Оформление экспортных грузов",INDEX('Экспортные грузы'!D:D,MATCH(A33,'Экспортные грузы'!A:A,0)),IF(K33="Терминальные операции",INDEX(Терминал!D:D,MATCH(A33,Терминал!A:A,0)),IF(K33="Документальное оформление ЖД грузов",INDEX('ЖД грузы'!D:D,MATCH(A33,'ЖД грузы'!A:A,0)),""))))),"") -> Реализация в ЛКК функционала для оформления номинаций. Разделение: Номинация + релиз | E33: =IFERROR(IF(K33="Обработка судовых документов",INDEX('Судовые документы'!E:E,MATCH(A33,'Судовые документы'!A:A,0)),IF(K33="Оформление таможенных документов",INDEX('Таможенные документы'!E:E,MATCH(A33,'Таможенные документы'!A:A,0)),IF(K33="Оформление экспортных грузов",INDEX('Экспортные грузы'!E:E,MATCH(A33,'Экспортные грузы'!A:A,0)),IF(K33="Терминальные операции",INDEX(Терминал!E:E,MATCH(A33,Терминал!A:A,0)),IF(K33="Документальное оформление ЖД грузов",INDEX('ЖД грузы'!E:E,MATCH(A33,'ЖД грузы'!A:A,0)),""))))),"") -> выполнено | F33: =IFERROR(IF(K33="Обработка судовых документов",INDEX('Судовые документы'!F:F,MATCH(A33,'Судовые документы'!A:A,0)),IF(K33="Оформление таможенных документов",INDEX('Таможенные документы'!F:F,MATCH(A33,'Таможенные документы'!A:A,0)),IF(K33="Оформление экспортных грузов",INDEX('Экспортные грузы'!F:F,MATCH(A33,'Экспортные грузы'!A:A,0)),IF(K33="Терминальные операции",INDEX(Терминал!F:F,MATCH(A33,Терминал!A:A,0)),IF(K33="Документальное оформление ЖД грузов",INDEX('ЖД грузы'!F:F,MATCH(A33,'ЖД грузы'!A:A,0)),""))))),"") -> Выполнено | G33: =IFERROR(IF(K33="Обработка судовых документов",INDEX('Судовые документы'!G:G,MATCH(A33,'Судовые документы'!A:A,0)),IF(K33="Оформление таможенных документов",INDEX('Таможенные документы'!G:G,MATCH(A33,'Таможенные документы'!A:A,0)),IF(K33="Оформление экспортных грузов",INDEX('Экспортные грузы'!G:G,MATCH(A33,'Экспортные грузы'!A:A,0)),IF(K33="Терминальные операции",INDEX(Терминал!G:G,MATCH(A33,Терминал!A:A,0)),IF(K33="Документальное оформление ЖД грузов",INDEX('ЖД грузы'!G:G,MATCH(A33,'ЖД грузы'!A:A,0)),""))))),"") -> Не СОЛВО | H33: =IFERROR(IF(K33="Обработка судовых документов",INDEX('Судовые документы'!H:H,MATCH(A33,'Судовые документы'!A:A,0)),IF(K33="Оформление таможенных документов",INDEX('Таможенные документы'!H:H,MATCH(A33,'Таможенные документы'!A:A,0)),IF(K33="Оформление экспортных грузов",INDEX('Экспортные грузы'!H:H,MATCH(A33,'Экспортные грузы'!A:A,0)),IF(K33="Терминальные операции",INDEX(Терминал!H:H,MATCH(A33,Терминал!A:A,0)),IF(K33="Документальное оформление ЖД грузов",INDEX('ЖД грузы'!H:H,MATCH(A33,'ЖД грузы'!A:A,0)),""))))),"") -> Не СОЛВО | I33: =IFERROR(IF(K33="Обработка судовых документов",INDEX('Судовые документы'!I:I,MATCH(A33,'Судовые документы'!A:A,0)),IF(K33="Оформление таможенных документов",INDEX('Таможенные документы'!I:I,MATCH(A33,'Таможенные документы'!A:A,0)),IF(K33="Оформление экспортных грузов",INDEX('Экспортные грузы'!I:I,MATCH(A33,'Экспортные грузы'!A:A,0)),IF(K33="Терминальные операции",INDEX(Терминал!I:I,MATCH(A33,Терминал!A:A,0)),IF(K33="Документальное оформление ЖД грузов",INDEX('ЖД грузы'!I:I,MATCH(A33,'ЖД грузы'!A:A,0)),""))))),"") -> 0 | J33: =IFERROR(IF(K33="Обработка судовых документов",INDEX('Судовые документы'!J:J,MATCH(A33,'Судовые документы'!A:A,0)),IF(K33="Оформление таможенных документов",INDEX('Таможенные документы'!J:J,MATCH(A33,'Таможенные документы'!A:A,0)),IF(K33="Оформление экспортных грузов",INDEX('Экспортные грузы'!J:J,MATCH(A33,'Экспортные грузы'!A:A,0)),IF(K33="Терминальные операции",INDEX(Терминал!J:J,MATCH(A33,Терминал!A:A,0)),IF(K33="Документальное оформление ЖД грузов",INDEX('ЖД грузы'!J:J,MATCH(A33,'ЖД грузы'!A:A,0)),""))))),"") -> Да | K33: Терминальные операции | L33: =IFERROR(IF(K33="Обработка судовых документов",INDEX('Судовые документы'!L:L,MATCH(A33,'Судовые документы'!A:A,0)),IF(K33="Оформление таможенных документов",INDEX('Таможенные документы'!L:L,MATCH(A33,'Таможенные документы'!A:A,0)),IF(K33="Оформление экспортных грузов",INDEX('Экспортные грузы'!L:L,MATCH(A33,'Экспортные грузы'!A:A,0)),IF(K33="Терминальные операции",INDEX(Терминал!L:L,MATCH(A33,Терминал!A:A,0)),IF(K33="Документальное оформление ЖД грузов",INDEX('ЖД грузы'!L:L,MATCH(A33,'ЖД грузы'!A:A,0)),""))))),"") -> Средний | M33: =IFERROR(IF(K33="Обработка судовых документов",INDEX('Судовые документы'!K:K,MATCH(A33,'Судовые документы'!A:A,0)),IF(K33="Оформление таможенных документов",INDEX('Таможенные документы'!K:K,MATCH(A33,'Таможенные документы'!A:A,0)),IF(K33="Оформление экспортных грузов",INDEX('Экспортные грузы'!K:K,MATCH(A33,'Экспортные грузы'!A:A,0)),IF(K33="Терминальные операции",INDEX(Терминал!K:K,MATCH(A33,Терминал!A:A,0)),IF(K33="Документальное оформление ЖД грузов",INDEX('ЖД грузы'!K:K,MATCH(A33,'ЖД грузы'!A:A,0)),""))))),"") -> 0
A34: =Терминал!A15 -> 27 | B34: =Терминал!B15 -> 4SC-1-RQ-CR-791 #3304099 | C34: =Терминал!C15 -> Услуги контейнерного сервиса / навешивание пломб | D34: =IFERROR(IF(K34="Обработка судовых документов",INDEX('Судовые документы'!D:D,MATCH(A34,'Судовые документы'!A:A,0)),IF(K34="Оформление таможенных документов",INDEX('Таможенные документы'!D:D,MATCH(A34,'Таможенные документы'!A:A,0)),IF(K34="Оформление экспортных грузов",INDEX('Экспортные грузы'!D:D,MATCH(A34,'Экспортные грузы'!A:A,0)),IF(K34="Терминальные операции",INDEX(Терминал!D:D,MATCH(A34,Терминал!A:A,0)),IF(K34="Документальное оформление ЖД грузов",INDEX('ЖД грузы'!D:D,MATCH(A34,'ЖД грузы'!A:A,0)),""))))),"") -> Реализация в ЛКК интерфейса для заявок на коммерческие услуги | E34: =IFERROR(IF(K34="Обработка судовых документов",INDEX('Судовые документы'!E:E,MATCH(A34,'Судовые документы'!A:A,0)),IF(K34="Оформление таможенных документов",INDEX('Таможенные документы'!E:E,MATCH(A34,'Таможенные документы'!A:A,0)),IF(K34="Оформление экспортных грузов",INDEX('Экспортные грузы'!E:E,MATCH(A34,'Экспортные грузы'!A:A,0)),IF(K34="Терминальные операции",INDEX(Терминал!E:E,MATCH(A34,Терминал!A:A,0)),IF(K34="Документальное оформление ЖД грузов",INDEX('ЖД грузы'!E:E,MATCH(A34,'ЖД грузы'!A:A,0)),""))))),"") -> ОПЭ | F34: =IFERROR(IF(K34="Обработка судовых документов",INDEX('Судовые документы'!F:F,MATCH(A34,'Судовые документы'!A:A,0)),IF(K34="Оформление таможенных документов",INDEX('Таможенные документы'!F:F,MATCH(A34,'Таможенные документы'!A:A,0)),IF(K34="Оформление экспортных грузов",INDEX('Экспортные грузы'!F:F,MATCH(A34,'Экспортные грузы'!A:A,0)),IF(K34="Терминальные операции",INDEX(Терминал!F:F,MATCH(A34,Терминал!A:A,0)),IF(K34="Документальное оформление ЖД грузов",INDEX('ЖД грузы'!F:F,MATCH(A34,'ЖД грузы'!A:A,0)),""))))),"") -> ОПЭ | G34: =IFERROR(IF(K34="Обработка судовых документов",INDEX('Судовые документы'!G:G,MATCH(A34,'Судовые документы'!A:A,0)),IF(K34="Оформление таможенных документов",INDEX('Таможенные документы'!G:G,MATCH(A34,'Таможенные документы'!A:A,0)),IF(K34="Оформление экспортных грузов",INDEX('Экспортные грузы'!G:G,MATCH(A34,'Экспортные грузы'!A:A,0)),IF(K34="Терминальные операции",INDEX(Терминал!G:G,MATCH(A34,Терминал!A:A,0)),IF(K34="Документальное оформление ЖД грузов",INDEX('ЖД грузы'!G:G,MATCH(A34,'ЖД грузы'!A:A,0)),""))))),"") -> Установлено | H34: =IFERROR(IF(K34="Обработка судовых документов",INDEX('Судовые документы'!H:H,MATCH(A34,'Судовые документы'!A:A,0)),IF(K34="Оформление таможенных документов",INDEX('Таможенные документы'!H:H,MATCH(A34,'Таможенные документы'!A:A,0)),IF(K34="Оформление экспортных грузов",INDEX('Экспортные грузы'!H:H,MATCH(A34,'Экспортные грузы'!A:A,0)),IF(K34="Терминальные операции",INDEX(Терминал!H:H,MATCH(A34,Терминал!A:A,0)),IF(K34="Документальное оформление ЖД грузов",INDEX('ЖД грузы'!H:H,MATCH(A34,'ЖД грузы'!A:A,0)),""))))),"") -> 7.4.7 | I34: =IFERROR(IF(K34="Обработка судовых документов",INDEX('Судовые документы'!I:I,MATCH(A34,'Судовые документы'!A:A,0)),IF(K34="Оформление таможенных документов",INDEX('Таможенные документы'!I:I,MATCH(A34,'Таможенные документы'!A:A,0)),IF(K34="Оформление экспортных грузов",INDEX('Экспортные грузы'!I:I,MATCH(A34,'Экспортные грузы'!A:A,0)),IF(K34="Терминальные операции",INDEX(Терминал!I:I,MATCH(A34,Терминал!A:A,0)),IF(K34="Документальное оформление ЖД грузов",INDEX('ЖД грузы'!I:I,MATCH(A34,'ЖД грузы'!A:A,0)),""))))),"") -> 140 | J34: =IFERROR(IF(K34="Обработка судовых документов",INDEX('Судовые документы'!J:J,MATCH(A34,'Судовые документы'!A:A,0)),IF(K34="Оформление таможенных документов",INDEX('Таможенные документы'!J:J,MATCH(A34,'Таможенные документы'!A:A,0)),IF(K34="Оформление экспортных грузов",INDEX('Экспортные грузы'!J:J,MATCH(A34,'Экспортные грузы'!A:A,0)),IF(K34="Терминальные операции",INDEX(Терминал!J:J,MATCH(A34,Терминал!A:A,0)),IF(K34="Документальное оформление ЖД грузов",INDEX('ЖД грузы'!J:J,MATCH(A34,'ЖД грузы'!A:A,0)),""))))),"") -> Да | K34: Терминальные операции | L34: =IFERROR(IF(K34="Обработка судовых документов",INDEX('Судовые документы'!L:L,MATCH(A34,'Судовые документы'!A:A,0)),IF(K34="Оформление таможенных документов",INDEX('Таможенные документы'!L:L,MATCH(A34,'Таможенные документы'!A:A,0)),IF(K34="Оформление экспортных грузов",INDEX('Экспортные грузы'!L:L,MATCH(A34,'Экспортные грузы'!A:A,0)),IF(K34="Терминальные операции",INDEX(Терминал!L:L,MATCH(A34,Терминал!A:A,0)),IF(K34="Документальное оформление ЖД грузов",INDEX('ЖД грузы'!L:L,MATCH(A34,'ЖД грузы'!A:A,0)),""))))),"") -> Средний | M34: =IFERROR(IF(K34="Обработка судовых документов",INDEX('Судовые документы'!K:K,MATCH(A34,'Судовые документы'!A:A,0)),IF(K34="Оформление таможенных документов",INDEX('Таможенные документы'!K:K,MATCH(A34,'Таможенные документы'!A:A,0)),IF(K34="Оформление экспортных грузов",INDEX('Экспортные грузы'!K:K,MATCH(A34,'Экспортные грузы'!A:A,0)),IF(K34="Терминальные операции",INDEX(Терминал!K:K,MATCH(A34,Терминал!A:A,0)),IF(K34="Документальное оформление ЖД грузов",INDEX('ЖД грузы'!K:K,MATCH(A34,'ЖД грузы'!A:A,0)),""))))),"") -> 0
A35: =Терминал!A16 -> 28 | B35: =Терминал!B16 -> 4SC-1-RQ-CR-791 #3304099 | C35: =Терминал!C16 -> Оформление заявок на навешивание пломб РЖД | D35: =IFERROR(IF(K35="Обработка судовых документов",INDEX('Судовые документы'!D:D,MATCH(A35,'Судовые документы'!A:A,0)),IF(K35="Оформление таможенных документов",INDEX('Таможенные документы'!D:D,MATCH(A35,'Таможенные документы'!A:A,0)),IF(K35="Оформление экспортных грузов",INDEX('Экспортные грузы'!D:D,MATCH(A35,'Экспортные грузы'!A:A,0)),IF(K35="Терминальные операции",INDEX(Терминал!D:D,MATCH(A35,Терминал!A:A,0)),IF(K35="Документальное оформление ЖД грузов",INDEX('ЖД грузы'!D:D,MATCH(A35,'ЖД грузы'!A:A,0)),""))))),"") -> Связана с задачей «Услуги контейнерного сервиса» | E35: =IFERROR(IF(K35="Обработка судовых документов",INDEX('Судовые документы'!E:E,MATCH(A35,'Судовые документы'!A:A,0)),IF(K35="Оформление таможенных документов",INDEX('Таможенные документы'!E:E,MATCH(A35,'Таможенные документы'!A:A,0)),IF(K35="Оформление экспортных грузов",INDEX('Экспортные грузы'!E:E,MATCH(A35,'Экспортные грузы'!A:A,0)),IF(K35="Терминальные операции",INDEX(Терминал!E:E,MATCH(A35,Терминал!A:A,0)),IF(K35="Документальное оформление ЖД грузов",INDEX('ЖД грузы'!E:E,MATCH(A35,'ЖД грузы'!A:A,0)),""))))),"") -> ОПЭ | F35: =IFERROR(IF(K35="Обработка судовых документов",INDEX('Судовые документы'!F:F,MATCH(A35,'Судовые документы'!A:A,0)),IF(K35="Оформление таможенных документов",INDEX('Таможенные документы'!F:F,MATCH(A35,'Таможенные документы'!A:A,0)),IF(K35="Оформление экспортных грузов",INDEX('Экспортные грузы'!F:F,MATCH(A35,'Экспортные грузы'!A:A,0)),IF(K35="Терминальные операции",INDEX(Терминал!F:F,MATCH(A35,Терминал!A:A,0)),IF(K35="Документальное оформление ЖД грузов",INDEX('ЖД грузы'!F:F,MATCH(A35,'ЖД грузы'!A:A,0)),""))))),"") -> ОПЭ | G35: =IFERROR(IF(K35="Обработка судовых документов",INDEX('Судовые документы'!G:G,MATCH(A35,'Судовые документы'!A:A,0)),IF(K35="Оформление таможенных документов",INDEX('Таможенные документы'!G:G,MATCH(A35,'Таможенные документы'!A:A,0)),IF(K35="Оформление экспортных грузов",INDEX('Экспортные грузы'!G:G,MATCH(A35,'Экспортные грузы'!A:A,0)),IF(K35="Терминальные операции",INDEX(Терминал!G:G,MATCH(A35,Терминал!A:A,0)),IF(K35="Документальное оформление ЖД грузов",INDEX('ЖД грузы'!G:G,MATCH(A35,'ЖД грузы'!A:A,0)),""))))),"") -> Установлено | H35: =IFERROR(IF(K35="Обработка судовых документов",INDEX('Судовые документы'!H:H,MATCH(A35,'Судовые документы'!A:A,0)),IF(K35="Оформление таможенных документов",INDEX('Таможенные документы'!H:H,MATCH(A35,'Таможенные документы'!A:A,0)),IF(K35="Оформление экспортных грузов",INDEX('Экспортные грузы'!H:H,MATCH(A35,'Экспортные грузы'!A:A,0)),IF(K35="Терминальные операции",INDEX(Терминал!H:H,MATCH(A35,Терминал!A:A,0)),IF(K35="Документальное оформление ЖД грузов",INDEX('ЖД грузы'!H:H,MATCH(A35,'ЖД грузы'!A:A,0)),""))))),"") -> 7.4.5 | I35: =IFERROR(IF(K35="Обработка судовых документов",INDEX('Судовые документы'!I:I,MATCH(A35,'Судовые документы'!A:A,0)),IF(K35="Оформление таможенных документов",INDEX('Таможенные документы'!I:I,MATCH(A35,'Таможенные документы'!A:A,0)),IF(K35="Оформление экспортных грузов",INDEX('Экспортные грузы'!I:I,MATCH(A35,'Экспортные грузы'!A:A,0)),IF(K35="Терминальные операции",INDEX(Терминал!I:I,MATCH(A35,Терминал!A:A,0)),IF(K35="Документальное оформление ЖД грузов",INDEX('ЖД грузы'!I:I,MATCH(A35,'ЖД грузы'!A:A,0)),""))))),"") -> 0 | J35: =IFERROR(IF(K35="Обработка судовых документов",INDEX('Судовые документы'!J:J,MATCH(A35,'Судовые документы'!A:A,0)),IF(K35="Оформление таможенных документов",INDEX('Таможенные документы'!J:J,MATCH(A35,'Таможенные документы'!A:A,0)),IF(K35="Оформление экспортных грузов",INDEX('Экспортные грузы'!J:J,MATCH(A35,'Экспортные грузы'!A:A,0)),IF(K35="Терминальные операции",INDEX(Терминал!J:J,MATCH(A35,Терминал!A:A,0)),IF(K35="Документальное оформление ЖД грузов",INDEX('ЖД грузы'!J:J,MATCH(A35,'ЖД грузы'!A:A,0)),""))))),"") -> Нет | K35: Терминальные операции | L35: =IFERROR(IF(K35="Обработка судовых документов",INDEX('Судовые документы'!L:L,MATCH(A35,'Судовые документы'!A:A,0)),IF(K35="Оформление таможенных документов",INDEX('Таможенные документы'!L:L,MATCH(A35,'Таможенные документы'!A:A,0)),IF(K35="Оформление экспортных грузов",INDEX('Экспортные грузы'!L:L,MATCH(A35,'Экспортные грузы'!A:A,0)),IF(K35="Терминальные операции",INDEX(Терминал!L:L,MATCH(A35,Терминал!A:A,0)),IF(K35="Документальное оформление ЖД грузов",INDEX('ЖД грузы'!L:L,MATCH(A35,'ЖД грузы'!A:A,0)),""))))),"") -> Средний | M35: =IFERROR(IF(K35="Обработка судовых документов",INDEX('Судовые документы'!K:K,MATCH(A35,'Судовые документы'!A:A,0)),IF(K35="Оформление таможенных документов",INDEX('Таможенные документы'!K:K,MATCH(A35,'Таможенные документы'!A:A,0)),IF(K35="Оформление экспортных грузов",INDEX('Экспортные грузы'!K:K,MATCH(A35,'Экспортные грузы'!A:A,0)),IF(K35="Терминальные операции",INDEX(Терминал!K:K,MATCH(A35,Терминал!A:A,0)),IF(K35="Документальное оформление ЖД грузов",INDEX('ЖД грузы'!K:K,MATCH(A35,'ЖД грузы'!A:A,0)),""))))),"") -> 0
A36: =Терминал!A17 -> 29 | B36: =Терминал!B17 -> 4SC-RQ-CR-902 #3782827 | C36: =Терминал!C17 -> Генерация номера заявки на услуги | D36: =IFERROR(IF(K36="Обработка судовых документов",INDEX('Судовые документы'!D:D,MATCH(A36,'Судовые документы'!A:A,0)),IF(K36="Оформление таможенных документов",INDEX('Таможенные документы'!D:D,MATCH(A36,'Таможенные документы'!A:A,0)),IF(K36="Оформление экспортных грузов",INDEX('Экспортные грузы'!D:D,MATCH(A36,'Экспортные грузы'!A:A,0)),IF(K36="Терминальные операции",INDEX(Терминал!D:D,MATCH(A36,Терминал!A:A,0)),IF(K36="Документальное оформление ЖД грузов",INDEX('ЖД грузы'!D:D,MATCH(A36,'ЖД грузы'!A:A,0)),""))))),"") -> Операции с контейнерами — Заявки на универсальные услуги | E36: =IFERROR(IF(K36="Обработка судовых документов",INDEX('Судовые документы'!E:E,MATCH(A36,'Судовые документы'!A:A,0)),IF(K36="Оформление таможенных документов",INDEX('Таможенные документы'!E:E,MATCH(A36,'Таможенные документы'!A:A,0)),IF(K36="Оформление экспортных грузов",INDEX('Экспортные грузы'!E:E,MATCH(A36,'Экспортные грузы'!A:A,0)),IF(K36="Терминальные операции",INDEX(Терминал!E:E,MATCH(A36,Терминал!A:A,0)),IF(K36="Документальное оформление ЖД грузов",INDEX('ЖД грузы'!E:E,MATCH(A36,'ЖД грузы'!A:A,0)),""))))),"") -> 2026 | F36: =IFERROR(IF(K36="Обработка судовых документов",INDEX('Судовые документы'!F:F,MATCH(A36,'Судовые документы'!A:A,0)),IF(K36="Оформление таможенных документов",INDEX('Таможенные документы'!F:F,MATCH(A36,'Таможенные документы'!A:A,0)),IF(K36="Оформление экспортных грузов",INDEX('Экспортные грузы'!F:F,MATCH(A36,'Экспортные грузы'!A:A,0)),IF(K36="Терминальные операции",INDEX(Терминал!F:F,MATCH(A36,Терминал!A:A,0)),IF(K36="Документальное оформление ЖД грузов",INDEX('ЖД грузы'!F:F,MATCH(A36,'ЖД грузы'!A:A,0)),""))))),"") -> В работе | G36: =IFERROR(IF(K36="Обработка судовых документов",INDEX('Судовые документы'!G:G,MATCH(A36,'Судовые документы'!A:A,0)),IF(K36="Оформление таможенных документов",INDEX('Таможенные документы'!G:G,MATCH(A36,'Таможенные документы'!A:A,0)),IF(K36="Оформление экспортных грузов",INDEX('Экспортные грузы'!G:G,MATCH(A36,'Экспортные грузы'!A:A,0)),IF(K36="Терминальные операции",INDEX(Терминал!G:G,MATCH(A36,Терминал!A:A,0)),IF(K36="Документальное оформление ЖД грузов",INDEX('ЖД грузы'!G:G,MATCH(A36,'ЖД грузы'!A:A,0)),""))))),"") -> Тестирование | H36: =IFERROR(IF(K36="Обработка судовых документов",INDEX('Судовые документы'!H:H,MATCH(A36,'Судовые документы'!A:A,0)),IF(K36="Оформление таможенных документов",INDEX('Таможенные документы'!H:H,MATCH(A36,'Таможенные документы'!A:A,0)),IF(K36="Оформление экспортных грузов",INDEX('Экспортные грузы'!H:H,MATCH(A36,'Экспортные грузы'!A:A,0)),IF(K36="Терминальные операции",INDEX(Терминал!H:H,MATCH(A36,Терминал!A:A,0)),IF(K36="Документальное оформление ЖД грузов",INDEX('ЖД грузы'!H:H,MATCH(A36,'ЖД грузы'!A:A,0)),""))))),"") -> 7.4.10 | I36: =IFERROR(IF(K36="Обработка судовых документов",INDEX('Судовые документы'!I:I,MATCH(A36,'Судовые документы'!A:A,0)),IF(K36="Оформление таможенных документов",INDEX('Таможенные документы'!I:I,MATCH(A36,'Таможенные документы'!A:A,0)),IF(K36="Оформление экспортных грузов",INDEX('Экспортные грузы'!I:I,MATCH(A36,'Экспортные грузы'!A:A,0)),IF(K36="Терминальные операции",INDEX(Терминал!I:I,MATCH(A36,Терминал!A:A,0)),IF(K36="Документальное оформление ЖД грузов",INDEX('ЖД грузы'!I:I,MATCH(A36,'ЖД грузы'!A:A,0)),""))))),"") -> 8 | J36: =IFERROR(IF(K36="Обработка судовых документов",INDEX('Судовые документы'!J:J,MATCH(A36,'Судовые документы'!A:A,0)),IF(K36="Оформление таможенных документов",INDEX('Таможенные документы'!J:J,MATCH(A36,'Таможенные документы'!A:A,0)),IF(K36="Оформление экспортных грузов",INDEX('Экспортные грузы'!J:J,MATCH(A36,'Экспортные грузы'!A:A,0)),IF(K36="Терминальные операции",INDEX(Терминал!J:J,MATCH(A36,Терминал!A:A,0)),IF(K36="Документальное оформление ЖД грузов",INDEX('ЖД грузы'!J:J,MATCH(A36,'ЖД грузы'!A:A,0)),""))))),"") -> Да | K36: Терминальные операции | L36: =IFERROR(IF(K36="Обработка судовых документов",INDEX('Судовые документы'!L:L,MATCH(A36,'Судовые документы'!A:A,0)),IF(K36="Оформление таможенных документов",INDEX('Таможенные документы'!L:L,MATCH(A36,'Таможенные документы'!A:A,0)),IF(K36="Оформление экспортных грузов",INDEX('Экспортные грузы'!L:L,MATCH(A36,'Экспортные грузы'!A:A,0)),IF(K36="Терминальные операции",INDEX(Терминал!L:L,MATCH(A36,Терминал!A:A,0)),IF(K36="Документальное оформление ЖД грузов",INDEX('ЖД грузы'!L:L,MATCH(A36,'ЖД грузы'!A:A,0)),""))))),"") -> Средний | M36: =IFERROR(IF(K36="Обработка судовых документов",INDEX('Судовые документы'!K:K,MATCH(A36,'Судовые документы'!A:A,0)),IF(K36="Оформление таможенных документов",INDEX('Таможенные документы'!K:K,MATCH(A36,'Таможенные документы'!A:A,0)),IF(K36="Оформление экспортных грузов",INDEX('Экспортные грузы'!K:K,MATCH(A36,'Экспортные грузы'!A:A,0)),IF(K36="Терминальные операции",INDEX(Терминал!K:K,MATCH(A36,Терминал!A:A,0)),IF(K36="Документальное оформление ЖД грузов",INDEX('ЖД грузы'!K:K,MATCH(A36,'ЖД грузы'!A:A,0)),""))))),"") -> 0
... A40: =Терминал!A21 -> 33 | B40: =Терминал!B21 -> 4SC-1-RQ-CR-373 #2400022 | C40: =Терминал!C21 -> Сообщение при создании ЗАВ о незавершённых операциях | D40: =IFERROR(IF(K40="Обработка судовых документов",INDEX('Судовые документы'!D:D,MATCH(A40,'Судовые документы'!A:A,0)),IF(K40="Оформление таможенных документов",INDEX('Таможенные документы'!D:D,MATCH(A40,'Таможенные документы'!A:A,0)),IF(K40="Оформление экспортных грузов",INDEX('Экспортные грузы'!D:D,MATCH(A40,'Экспортные грузы'!A:A,0)),IF(K40="Терминальные операции",INDEX(Терминал!D:D,MATCH(A40,Терминал!A:A,0)),IF(K40="Документальное оформление ЖД грузов",INDEX('ЖД грузы'!D:D,MATCH(A40,'ЖД грузы'!A:A,0)),""))))),"") -> Предупреждение при создании ЗАВ если есть незавершённые операции по импортному контейнеру | E40: =IFERROR(IF(K40="Обработка судовых документов",INDEX('Судовые документы'!E:E,MATCH(A40,'Судовые документы'!A:A,0)),IF(K40="Оформление таможенных документов",INDEX('Таможенные документы'!E:E,MATCH(A40,'Таможенные документы'!A:A,0)),IF(K40="Оформление экспортных грузов",INDEX('Экспортные грузы'!E:E,MATCH(A40,'Экспортные грузы'!A:A,0)),IF(K40="Терминальные операции",INDEX(Терминал!E:E,MATCH(A40,Терминал!A:A,0)),IF(K40="Документальное оформление ЖД грузов",INDEX('ЖД грузы'!E:E,MATCH(A40,'ЖД грузы'!A:A,0)),""))))),"") -> 2026 | F40: =IFERROR(IF(K40="Обработка судовых документов",INDEX('Судовые документы'!F:F,MATCH(A40,'Судовые документы'!A:A,0)),IF(K40="Оформление таможенных документов",INDEX('Таможенные документы'!F:F,MATCH(A40,'Таможенные документы'!A:A,0)),IF(K40="Оформление экспортных грузов",INDEX('Экспортные грузы'!F:F,MATCH(A40,'Экспортные грузы'!A:A,0)),IF(K40="Терминальные операции",INDEX(Терминал!F:F,MATCH(A40,Терминал!A:A,0)),IF(K40="Документальное оформление ЖД грузов",INDEX('ЖД грузы'!F:F,MATCH(A40,'ЖД грузы'!A:A,0)),""))))),"") -> В работе | G40: =IFERROR(IF(K40="Обработка судовых документов",INDEX('Судовые документы'!G:G,MATCH(A40,'Судовые документы'!A:A,0)),IF(K40="Оформление таможенных документов",INDEX('Таможенные документы'!G:G,MATCH(A40,'Таможенные документы'!A:A,0)),IF(K40="Оформление экспортных грузов",INDEX('Экспортные грузы'!G:G,MATCH(A40,'Экспортные грузы'!A:A,0)),IF(K40="Терминальные операции",INDEX(Терминал!G:G,MATCH(A40,Терминал!A:A,0)),IF(K40="Документальное оформление ЖД грузов",INDEX('ЖД грузы'!G:G,MATCH(A40,'ЖД грузы'!A:A,0)),""))))),"") -> Оценка | H40: =IFERROR(IF(K40="Обработка судовых документов",INDEX('Судовые документы'!H:H,MATCH(A40,'Судовые документы'!A:A,0)),IF(K40="Оформление таможенных документов",INDEX('Таможенные документы'!H:H,MATCH(A40,'Таможенные документы'!A:A,0)),IF(K40="Оформление экспортных грузов",INDEX('Экспортные грузы'!H:H,MATCH(A40,'Экспортные грузы'!A:A,0)),IF(K40="Терминальные операции",INDEX(Терминал!H:H,MATCH(A40,Терминал!A:A,0)),IF(K40="Документальное оформление ЖД грузов",INDEX('ЖД грузы'!H:H,MATCH(A40,'ЖД грузы'!A:A,0)),""))))),"") -> 7.4.11 | I40: =IFERROR(IF(K40="Обработка судовых документов",INDEX('Судовые документы'!I:I,MATCH(A40,'Судовые документы'!A:A,0)),IF(K40="Оформление таможенных документов",INDEX('Таможенные документы'!I:I,MATCH(A40,'Таможенные документы'!A:A,0)),IF(K40="Оформление экспортных грузов",INDEX('Экспортные грузы'!I:I,MATCH(A40,'Экспортные грузы'!A:A,0)),IF(K40="Терминальные операции",INDEX(Терминал!I:I,MATCH(A40,Терминал!A:A,0)),IF(K40="Документальное оформление ЖД грузов",INDEX('ЖД грузы'!I:I,MATCH(A40,'ЖД грузы'!A:A,0)),""))))),"") -> 254 | J40: =IFERROR(IF(K40="Обработка судовых документов",INDEX('Судовые документы'!J:J,MATCH(A40,'Судовые документы'!A:A,0)),IF(K40="Оформление таможенных документов",INDEX('Таможенные документы'!J:J,MATCH(A40,'Таможенные документы'!A:A,0)),IF(K40="Оформление экспортных грузов",INDEX('Экспортные грузы'!J:J,MATCH(A40,'Экспортные грузы'!A:A,0)),IF(K40="Терминальные операции",INDEX(Терминал!J:J,MATCH(A40,Терминал!A:A,0)),IF(K40="Документальное оформление ЖД грузов",INDEX('ЖД грузы'!J:J,MATCH(A40,'ЖД грузы'!A:A,0)),""))))),"") -> Да | K40: Терминальные операции | L40: =IFERROR(IF(K40="Обработка судовых документов",INDEX('Судовые документы'!L:L,MATCH(A40,'Судовые документы'!A:A,0)),IF(K40="Оформление таможенных документов",INDEX('Таможенные документы'!L:L,MATCH(A40,'Таможенные документы'!A:A,0)),IF(K40="Оформление экспортных грузов",INDEX('Экспортные грузы'!L:L,MATCH(A40,'Экспортные грузы'!A:A,0)),IF(K40="Терминальные операции",INDEX(Терминал!L:L,MATCH(A40,Терминал!A:A,0)),IF(K40="Документальное оформление ЖД грузов",INDEX('ЖД грузы'!L:L,MATCH(A40,'ЖД грузы'!A:A,0)),""))))),"") -> Средний | M40: =IFERROR(IF(K40="Обработка судовых документов",INDEX('Судовые документы'!K:K,MATCH(A40,'Судовые документы'!A:A,0)),IF(K40="Оформление таможенных документов",INDEX('Таможенные документы'!K:K,MATCH(A40,'Таможенные документы'!A:A,0)),IF(K40="Оформление экспортных грузов",INDEX('Экспортные грузы'!K:K,MATCH(A40,'Экспортные грузы'!A:A,0)),IF(K40="Терминальные операции",INDEX(Терминал!K:K,MATCH(A40,Терминал!A:A,0)),IF(K40="Документальное оформление ЖД грузов",INDEX('ЖД грузы'!K:K,MATCH(A40,'ЖД грузы'!A:A,0)),""))))),"") -> 0
A41: ▸ Документальное оформление ЖД грузов
A42: ='ЖД грузы'!A6 -> 34 | B42: ='ЖД грузы'!B6 -> 4SC-RQ-CR-908 #3828162 | C42: ='ЖД грузы'!C6 -> Оформление разнарядки на ж/д | D42: =IFERROR(IF(K42="Обработка судовых документов",INDEX('Судовые документы'!D:D,MATCH(A42,'Судовые документы'!A:A,0)),IF(K42="Оформление таможенных документов",INDEX('Таможенные документы'!D:D,MATCH(A42,'Таможенные документы'!A:A,0)),IF(K42="Оформление экспортных грузов",INDEX('Экспортные грузы'!D:D,MATCH(A42,'Экспортные грузы'!A:A,0)),IF(K42="Терминальные операции",INDEX(Терминал!D:D,MATCH(A42,Терминал!A:A,0)),IF(K42="Документальное оформление ЖД грузов",INDEX('ЖД грузы'!D:D,MATCH(A42,'ЖД грузы'!A:A,0)),""))))),"") -> Реализация разнарядки на работы по обработке ЖД состава | E42: =IFERROR(IF(K42="Обработка судовых документов",INDEX('Судовые документы'!E:E,MATCH(A42,'Судовые документы'!A:A,0)),IF(K42="Оформление таможенных документов",INDEX('Таможенные документы'!E:E,MATCH(A42,'Таможенные документы'!A:A,0)),IF(K42="Оформление экспортных грузов",INDEX('Экспортные грузы'!E:E,MATCH(A42,'Экспортные грузы'!A:A,0)),IF(K42="Терминальные операции",INDEX(Терминал!E:E,MATCH(A42,Терминал!A:A,0)),IF(K42="Документальное оформление ЖД грузов",INDEX('ЖД грузы'!E:E,MATCH(A42,'ЖД грузы'!A:A,0)),""))))),"") -> выполнено | F42: =IFERROR(IF(K42="Обработка судовых документов",INDEX('Судовые документы'!F:F,MATCH(A42,'Судовые документы'!A:A,0)),IF(K42="Оформление таможенных документов",INDEX('Таможенные документы'!F:F,MATCH(A42,'Таможенные документы'!A:A,0)),IF(K42="Оформление экспортных грузов",INDEX('Экспортные грузы'!F:F,MATCH(A42,'Экспортные грузы'!A:A,0)),IF(K42="Терминальные операции",INDEX(Терминал!F:F,MATCH(A42,Терминал!A:A,0)),IF(K42="Документальное оформление ЖД грузов",INDEX('ЖД грузы'!F:F,MATCH(A42,'ЖД грузы'!A:A,0)),""))))),"") -> Выполнено | G42: =IFERROR(IF(K42="Обработка судовых документов",INDEX('Судовые документы'!G:G,MATCH(A42,'Судовые документы'!A:A,0)),IF(K42="Оформление таможенных документов",INDEX('Таможенные документы'!G:G,MATCH(A42,'Таможенные документы'!A:A,0)),IF(K42="Оформление экспортных грузов",INDEX('Экспортные грузы'!G:G,MATCH(A42,'Экспортные грузы'!A:A,0)),IF(K42="Терминальные операции",INDEX(Терминал!G:G,MATCH(A42,Терминал!A:A,0)),IF(K42="Документальное оформление ЖД грузов",INDEX('ЖД грузы'!G:G,MATCH(A42,'ЖД грузы'!A:A,0)),""))))),"") -> Установлено | H42: =IFERROR(IF(K42="Обработка судовых документов",INDEX('Судовые документы'!H:H,MATCH(A42,'Судовые документы'!A:A,0)),IF(K42="Оформление таможенных документов",INDEX('Таможенные документы'!H:H,MATCH(A42,'Таможенные документы'!A:A,0)),IF(K42="Оформление экспортных грузов",INDEX('Экспортные грузы'!H:H,MATCH(A42,'Экспортные грузы'!A:A,0)),IF(K42="Терминальные операции",INDEX(Терминал!H:H,MATCH(A42,Терминал!A:A,0)),IF(K42="Документальное оформление ЖД грузов",INDEX('ЖД грузы'!H:H,MATCH(A42,'ЖД грузы'!A:A,0)),""))))),"") -> 7.4.8 | I42: =IFERROR(IF(K42="Обработка судовых документов",INDEX('Судовые документы'!I:I,MATCH(A42,'Судовые документы'!A:A,0)),IF(K42="Оформление таможенных документов",INDEX('Таможенные документы'!I:I,MATCH(A42,'Таможенные документы'!A:A,0)),IF(K42="Оформление экспортных грузов",INDEX('Экспортные грузы'!I:I,MATCH(A42,'Экспортные грузы'!A:A,0)),IF(K42="Терминальные операции",INDEX(Терминал!I:I,MATCH(A42,Терминал!A:A,0)),IF(K42="Документальное оформление ЖД грузов",INDEX('ЖД грузы'!I:I,MATCH(A42,'ЖД грузы'!A:A,0)),""))))),"") -> 0 | J42: =IFERROR(IF(K42="Обработка судовых документов",INDEX('Судовые документы'!J:J,MATCH(A42,'Судовые документы'!A:A,0)),IF(K42="Оформление таможенных документов",INDEX('Таможенные документы'!J:J,MATCH(A42,'Таможенные документы'!A:A,0)),IF(K42="Оформление экспортных грузов",INDEX('Экспортные грузы'!J:J,MATCH(A42,'Экспортные грузы'!A:A,0)),IF(K42="Терминальные операции",INDEX(Терминал!J:J,MATCH(A42,Терминал!A:A,0)),IF(K42="Документальное оформление ЖД грузов",INDEX('ЖД грузы'!J:J,MATCH(A42,'ЖД грузы'!A:A,0)),""))))),"") -> Да | K42: Документальное оформление ЖД грузов | L42: =IFERROR(IF(K42="Обработка судовых документов",INDEX('Судовые документы'!L:L,MATCH(A42,'Судовые документы'!A:A,0)),IF(K42="Оформление таможенных документов",INDEX('Таможенные документы'!L:L,MATCH(A42,'Таможенные документы'!A:A,0)),IF(K42="Оформление экспортных грузов",INDEX('Экспортные грузы'!L:L,MATCH(A42,'Экспортные грузы'!A:A,0)),IF(K42="Терминальные операции",INDEX(Терминал!L:L,MATCH(A42,Терминал!A:A,0)),IF(K42="Документальное оформление ЖД грузов",INDEX('ЖД грузы'!L:L,MATCH(A42,'ЖД грузы'!A:A,0)),""))))),"") -> Средний | M42: =IFERROR(IF(K42="Обработка судовых документов",INDEX('Судовые документы'!K:K,MATCH(A42,'Судовые документы'!A:A,0)),IF(K42="Оформление таможенных документов",INDEX('Таможенные документы'!K:K,MATCH(A42,'Таможенные документы'!A:A,0)),IF(K42="Оформление экспортных грузов",INDEX('Экспортные грузы'!K:K,MATCH(A42,'Экспортные грузы'!A:A,0)),IF(K42="Терминальные операции",INDEX(Терминал!K:K,MATCH(A42,Терминал!A:A,0)),IF(K42="Документальное оформление ЖД грузов",INDEX('ЖД грузы'!K:K,MATCH(A42,'ЖД грузы'!A:A,0)),""))))),"") -> 0
A43: ='ЖД грузы'!A7 -> 35 | B43: ='ЖД грузы'!B7 -> 4SC-1-RQ-CR-495 #2591758 | C43: ='ЖД грузы'!C7 -> Создание ЖД накладных / интеграция с ЭТРАН | D43: =IFERROR(IF(K43="Обработка судовых документов",INDEX('Судовые документы'!D:D,MATCH(A43,'Судовые документы'!A:A,0)),IF(K43="Оформление таможенных документов",INDEX('Таможенные документы'!D:D,MATCH(A43,'Таможенные документы'!A:A,0)),IF(K43="Оформление экспортных грузов",INDEX('Экспортные грузы'!D:D,MATCH(A43,'Экспортные грузы'!A:A,0)),IF(K43="Терминальные операции",INDEX(Терминал!D:D,MATCH(A43,Терминал!A:A,0)),IF(K43="Документальное оформление ЖД грузов",INDEX('ЖД грузы'!D:D,MATCH(A43,'ЖД грузы'!A:A,0)),""))))),"") -> Автоматическое формирование ЖД накладной с возможностью корректировки в ЛКК КТСП | E43: =IFERROR(IF(K43="Обработка судовых документов",INDEX('Судовые документы'!E:E,MATCH(A43,'Судовые документы'!A:A,0)),IF(K43="Оформление таможенных документов",INDEX('Таможенные документы'!E:E,MATCH(A43,'Таможенные документы'!A:A,0)),IF(K43="Оформление экспортных грузов",INDEX('Экспортные грузы'!E:E,MATCH(A43,'Экспортные грузы'!A:A,0)),IF(K43="Терминальные операции",INDEX(Терминал!E:E,MATCH(A43,Терминал!A:A,0)),IF(K43="Документальное оформление ЖД грузов",INDEX('ЖД грузы'!E:E,MATCH(A43,'ЖД грузы'!A:A,0)),""))))),"") -> ОПЭ (нояб. 2026) | F43: =IFERROR(IF(K43="Обработка судовых документов",INDEX('Судовые документы'!F:F,MATCH(A43,'Судовые документы'!A:A,0)),IF(K43="Оформление таможенных документов",INDEX('Таможенные документы'!F:F,MATCH(A43,'Таможенные документы'!A:A,0)),IF(K43="Оформление экспортных грузов",INDEX('Экспортные грузы'!F:F,MATCH(A43,'Экспортные грузы'!A:A,0)),IF(K43="Терминальные операции",INDEX(Терминал!F:F,MATCH(A43,Терминал!A:A,0)),IF(K43="Документальное оформление ЖД грузов",INDEX('ЖД грузы'!F:F,MATCH(A43,'ЖД грузы'!A:A,0)),""))))),"") -> В работе | G43: =IFERROR(IF(K43="Обработка судовых документов",INDEX('Судовые документы'!G:G,MATCH(A43,'Судовые документы'!A:A,0)),IF(K43="Оформление таможенных документов",INDEX('Таможенные документы'!G:G,MATCH(A43,'Таможенные документы'!A:A,0)),IF(K43="Оформление экспортных грузов",INDEX('Экспортные грузы'!G:G,MATCH(A43,'Экспортные грузы'!A:A,0)),IF(K43="Терминальные операции",INDEX(Терминал!G:G,MATCH(A43,Терминал!A:A,0)),IF(K43="Документальное оформление ЖД грузов",INDEX('ЖД грузы'!G:G,MATCH(A43,'ЖД грузы'!A:A,0)),""))))),"") -> Аналитика | H43: =IFERROR(IF(K43="Обработка судовых документов",INDEX('Судовые документы'!H:H,MATCH(A43,'Судовые документы'!A:A,0)),IF(K43="Оформление таможенных документов",INDEX('Таможенные документы'!H:H,MATCH(A43,'Таможенные документы'!A:A,0)),IF(K43="Оформление экспортных грузов",INDEX('Экспортные грузы'!H:H,MATCH(A43,'Экспортные грузы'!A:A,0)),IF(K43="Терминальные операции",INDEX(Терминал!H:H,MATCH(A43,Терминал!A:A,0)),IF(K43="Документальное оформление ЖД грузов",INDEX('ЖД грузы'!H:H,MATCH(A43,'ЖД грузы'!A:A,0)),""))))),"") -> 7.4.11 | I43: =IFERROR(IF(K43="Обработка судовых документов",INDEX('Судовые документы'!I:I,MATCH(A43,'Судовые документы'!A:A,0)),IF(K43="Оформление таможенных документов",INDEX('Таможенные документы'!I:I,MATCH(A43,'Таможенные документы'!A:A,0)),IF(K43="Оформление экспортных грузов",INDEX('Экспортные грузы'!I:I,MATCH(A43,'Экспортные грузы'!A:A,0)),IF(K43="Терминальные операции",INDEX(Терминал!I:I,MATCH(A43,Терминал!A:A,0)),IF(K43="Документальное оформление ЖД грузов",INDEX('ЖД грузы'!I:I,MATCH(A43,'ЖД грузы'!A:A,0)),""))))),"") -> 0 | J43: =IFERROR(IF(K43="Обработка судовых документов",INDEX('Судовые документы'!J:J,MATCH(A43,'Судовые документы'!A:A,0)),IF(K43="Оформление таможенных документов",INDEX('Таможенные документы'!J:J,MATCH(A43,'Таможенные документы'!A:A,0)),IF(K43="Оформление экспортных грузов",INDEX('Экспортные грузы'!J:J,MATCH(A43,'Экспортные грузы'!A:A,0)),IF(K43="Терминальные операции",INDEX(Терминал!J:J,MATCH(A43,Терминал!A:A,0)),IF(K43="Документальное оформление ЖД грузов",INDEX('ЖД грузы'!J:J,MATCH(A43,'ЖД грузы'!A:A,0)),""))))),"") -> Нет | K43: Документальное оформление ЖД грузов | L43: =IFERROR(IF(K43="Обработка судовых документов",INDEX('Судовые документы'!L:L,MATCH(A43,'Судовые документы'!A:A,0)),IF(K43="Оформление таможенных документов",INDEX('Таможенные документы'!L:L,MATCH(A43,'Таможенные документы'!A:A,0)),IF(K43="Оформление экспортных грузов",INDEX('Экспортные грузы'!L:L,MATCH(A43,'Экспортные грузы'!A:A,0)),IF(K43="Терминальные операции",INDEX(Терминал!L:L,MATCH(A43,Терминал!A:A,0)),IF(K43="Документальное оформление ЖД грузов",INDEX('ЖД грузы'!L:L,MATCH(A43,'ЖД грузы'!A:A,0)),""))))),"") -> Средний | M43: =IFERROR(IF(K43="Обработка судовых документов",INDEX('Судовые документы'!K:K,MATCH(A43,'Судовые документы'!A:A,0)),IF(K43="Оформление таможенных документов",INDEX('Таможенные документы'!K:K,MATCH(A43,'Таможенные документы'!A:A,0)),IF(K43="Оформление экспортных грузов",INDEX('Экспортные грузы'!K:K,MATCH(A43,'Экспортные грузы'!A:A,0)),IF(K43="Терминальные операции",INDEX(Терминал!K:K,MATCH(A43,Терминал!A:A,0)),IF(K43="Документальное оформление ЖД грузов",INDEX('ЖД грузы'!K:K,MATCH(A43,'ЖД грузы'!A:A,0)),""))))),"") -> 0
A44: ='ЖД грузы'!A8 -> 36 | B44: ='ЖД грузы'!B8 -> 0 | C44: ='ЖД грузы'!C8 -> План ж.д. работ (Excel) | D44: =IFERROR(IF(K44="Обработка судовых документов",INDEX('Судовые документы'!D:D,MATCH(A44,'Судовые документы'!A:A,0)),IF(K44="Оформление таможенных документов",INDEX('Таможенные документы'!D:D,MATCH(A44,'Таможенные документы'!A:A,0)),IF(K44="Оформление экспортных грузов",INDEX('Экспортные грузы'!D:D,MATCH(A44,'Экспортные грузы'!A:A,0)),IF(K44="Терминальные операции",INDEX(Терминал!D:D,MATCH(A44,Терминал!A:A,0)),IF(K44="Документальное оформление ЖД грузов",INDEX('ЖД грузы'!D:D,MATCH(A44,'ЖД грузы'!A:A,0)),""))))),"") -> Перенос ручного заполнения Excel в автоматический отчёт в СОЛВО | E44: =IFERROR(IF(K44="Обработка судовых документов",INDEX('Судовые документы'!E:E,MATCH(A44,'Судовые документы'!A:A,0)),IF(K44="Оформление таможенных документов",INDEX('Таможенные документы'!E:E,MATCH(A44,'Таможенные документы'!A:A,0)),IF(K44="Оформление экспортных грузов",INDEX('Экспортные грузы'!E:E,MATCH(A44,'Экспортные грузы'!A:A,0)),IF(K44="Терминальные операции",INDEX(Терминал!E:E,MATCH(A44,Терминал!A:A,0)),IF(K44="Документальное оформление ЖД грузов",INDEX('ЖД грузы'!E:E,MATCH(A44,'ЖД грузы'!A:A,0)),""))))),"") -> 2027 | F44: =IFERROR(IF(K44="Обработка судовых документов",INDEX('Судовые документы'!F:F,MATCH(A44,'Судовые документы'!A:A,0)),IF(K44="Оформление таможенных документов",INDEX('Таможенные документы'!F:F,MATCH(A44,'Таможенные документы'!A:A,0)),IF(K44="Оформление экспортных грузов",INDEX('Экспортные грузы'!F:F,MATCH(A44,'Экспортные грузы'!A:A,0)),IF(K44="Терминальные операции",INDEX(Терминал!F:F,MATCH(A44,Терминал!A:A,0)),IF(K44="Документальное оформление ЖД грузов",INDEX('ЖД грузы'!F:F,MATCH(A44,'ЖД грузы'!A:A,0)),""))))),"") -> В работе | G44: =IFERROR(IF(K44="Обработка судовых документов",INDEX('Судовые документы'!G:G,MATCH(A44,'Судовые документы'!A:A,0)),IF(K44="Оформление таможенных документов",INDEX('Таможенные документы'!G:G,MATCH(A44,'Таможенные документы'!A:A,0)),IF(K44="Оформление экспортных грузов",INDEX('Экспортные грузы'!G:G,MATCH(A44,'Экспортные грузы'!A:A,0)),IF(K44="Терминальные операции",INDEX(Терминал!G:G,MATCH(A44,Терминал!A:A,0)),IF(K44="Документальное оформление ЖД грузов",INDEX('ЖД грузы'!G:G,MATCH(A44,'ЖД грузы'!A:A,0)),""))))),"") -> Оценка | H44: =IFERROR(IF(K44="Обработка судовых документов",INDEX('Судовые документы'!H:H,MATCH(A44,'Судовые документы'!A:A,0)),IF(K44="Оформление таможенных документов",INDEX('Таможенные документы'!H:H,MATCH(A44,'Таможенные документы'!A:A,0)),IF(K44="Оформление экспортных грузов",INDEX('Экспортные грузы'!H:H,MATCH(A44,'Экспортные грузы'!A:A,0)),IF(K44="Терминальные операции",INDEX(Терминал!H:H,MATCH(A44,Терминал!A:A,0)),IF(K44="Документальное оформление ЖД грузов",INDEX('ЖД грузы'!H:H,MATCH(A44,'ЖД грузы'!A:A,0)),""))))),"") -> Н/Д | I44: =IFERROR(IF(K44="Обработка судовых документов",INDEX('Судовые документы'!I:I,MATCH(A44,'Судовые документы'!A:A,0)),IF(K44="Оформление таможенных документов",INDEX('Таможенные документы'!I:I,MATCH(A44,'Таможенные документы'!A:A,0)),IF(K44="Оформление экспортных грузов",INDEX('Экспортные грузы'!I:I,MATCH(A44,'Экспортные грузы'!A:A,0)),IF(K44="Терминальные операции",INDEX(Терминал!I:I,MATCH(A44,Терминал!A:A,0)),IF(K44="Документальное оформление ЖД грузов",INDEX('ЖД грузы'!I:I,MATCH(A44,'ЖД грузы'!A:A,0)),""))))),"") -> 0 | J44: =IFERROR(IF(K44="Обработка судовых документов",INDEX('Судовые документы'!J:J,MATCH(A44,'Судовые документы'!A:A,0)),IF(K44="Оформление таможенных документов",INDEX('Таможенные документы'!J:J,MATCH(A44,'Таможенные документы'!A:A,0)),IF(K44="Оформление экспортных грузов",INDEX('Экспортные грузы'!J:J,MATCH(A44,'Экспортные грузы'!A:A,0)),IF(K44="Терминальные операции",INDEX(Терминал!J:J,MATCH(A44,Терминал!A:A,0)),IF(K44="Документальное оформление ЖД грузов",INDEX('ЖД грузы'!J:J,MATCH(A44,'ЖД грузы'!A:A,0)),""))))),"") -> Нет | K44: Документальное оформление ЖД грузов | L44: =IFERROR(IF(K44="Обработка судовых документов",INDEX('Судовые документы'!L:L,MATCH(A44,'Судовые документы'!A:A,0)),IF(K44="Оформление таможенных документов",INDEX('Таможенные документы'!L:L,MATCH(A44,'Таможенные документы'!A:A,0)),IF(K44="Оформление экспортных грузов",INDEX('Экспортные грузы'!L:L,MATCH(A44,'Экспортные грузы'!A:A,0)),IF(K44="Терминальные операции",INDEX(Терминал!L:L,MATCH(A44,Терминал!A:A,0)),IF(K44="Документальное оформление ЖД грузов",INDEX('ЖД грузы'!L:L,MATCH(A44,'ЖД грузы'!A:A,0)),""))))),"") -> Средний | M44: =IFERROR(IF(K44="Обработка судовых документов",INDEX('Судовые документы'!K:K,MATCH(A44,'Судовые документы'!A:A,0)),IF(K44="Оформление таможенных документов",INDEX('Таможенные документы'!K:K,MATCH(A44,'Таможенные документы'!A:A,0)),IF(K44="Оформление экспортных грузов",INDEX('Экспортные грузы'!K:K,MATCH(A44,'Экспортные грузы'!A:A,0)),IF(K44="Терминальные операции",INDEX(Терминал!K:K,MATCH(A44,Терминал!A:A,0)),IF(K44="Документальное оформление ЖД грузов",INDEX('ЖД грузы'!K:K,MATCH(A44,'ЖД грузы'!A:A,0)),""))))),"") -> 0
A45: ='ЖД грузы'!A9 -> 37 | B45: ='ЖД грузы'!B9 -> 4SC-RQ-CR-953 #3942095 | C45: ='ЖД грузы'!C9 -> АОФ при выгрузке с ж.д. | D45: =IFERROR(IF(K45="Обработка судовых документов",INDEX('Судовые документы'!D:D,MATCH(A45,'Судовые документы'!A:A,0)),IF(K45="Оформление таможенных документов",INDEX('Таможенные документы'!D:D,MATCH(A45,'Таможенные документы'!A:A,0)),IF(K45="Оформление экспортных грузов",INDEX('Экспортные грузы'!D:D,MATCH(A45,'Экспортные грузы'!A:A,0)),IF(K45="Терминальные операции",INDEX(Терминал!D:D,MATCH(A45,Терминал!A:A,0)),IF(K45="Документальное оформление ЖД грузов",INDEX('ЖД грузы'!D:D,MATCH(A45,'ЖД грузы'!A:A,0)),""))))),"") -> Автоматическое создание АОФ после внесения повреждений тальманом | E45: =IFERROR(IF(K45="Обработка судовых документов",INDEX('Судовые документы'!E:E,MATCH(A45,'Судовые документы'!A:A,0)),IF(K45="Оформление таможенных документов",INDEX('Таможенные документы'!E:E,MATCH(A45,'Таможенные документы'!A:A,0)),IF(K45="Оформление экспортных грузов",INDEX('Экспортные грузы'!E:E,MATCH(A45,'Экспортные грузы'!A:A,0)),IF(K45="Терминальные операции",INDEX(Терминал!E:E,MATCH(A45,Терминал!A:A,0)),IF(K45="Документальное оформление ЖД грузов",INDEX('ЖД грузы'!E:E,MATCH(A45,'ЖД грузы'!A:A,0)),""))))),"") -> 2026 | F45: =IFERROR(IF(K45="Обработка судовых документов",INDEX('Судовые документы'!F:F,MATCH(A45,'Судовые документы'!A:A,0)),IF(K45="Оформление таможенных документов",INDEX('Таможенные документы'!F:F,MATCH(A45,'Таможенные документы'!A:A,0)),IF(K45="Оформление экспортных грузов",INDEX('Экспортные грузы'!F:F,MATCH(A45,'Экспортные грузы'!A:A,0)),IF(K45="Терминальные операции",INDEX(Терминал!F:F,MATCH(A45,Терминал!A:A,0)),IF(K45="Документальное оформление ЖД грузов",INDEX('ЖД грузы'!F:F,MATCH(A45,'ЖД грузы'!A:A,0)),""))))),"") -> В работе | G45: =IFERROR(IF(K45="Обработка судовых документов",INDEX('Судовые документы'!G:G,MATCH(A45,'Судовые документы'!A:A,0)),IF(K45="Оформление таможенных документов",INDEX('Таможенные документы'!G:G,MATCH(A45,'Таможенные документы'!A:A,0)),IF(K45="Оформление экспортных грузов",INDEX('Экспортные грузы'!G:G,MATCH(A45,'Экспортные грузы'!A:A,0)),IF(K45="Терминальные операции",INDEX(Терминал!G:G,MATCH(A45,Терминал!A:A,0)),IF(K45="Документальное оформление ЖД грузов",INDEX('ЖД грузы'!G:G,MATCH(A45,'ЖД грузы'!A:A,0)),""))))),"") -> Оценка | H45: =IFERROR(IF(K45="Обработка судовых документов",INDEX('Судовые документы'!H:H,MATCH(A45,'Судовые документы'!A:A,0)),IF(K45="Оформление таможенных документов",INDEX('Таможенные документы'!H:H,MATCH(A45,'Таможенные документы'!A:A,0)),IF(K45="Оформление экспортных грузов",INDEX('Экспортные грузы'!H:H,MATCH(A45,'Экспортные грузы'!A:A,0)),IF(K45="Терминальные операции",INDEX(Терминал!H:H,MATCH(A45,Терминал!A:A,0)),IF(K45="Документальное оформление ЖД грузов",INDEX('ЖД грузы'!H:H,MATCH(A45,'ЖД грузы'!A:A,0)),""))))),"") -> 7.4.11 | I45: =IFERROR(IF(K45="Обработка судовых документов",INDEX('Судовые документы'!I:I,MATCH(A45,'Судовые документы'!A:A,0)),IF(K45="Оформление таможенных документов",INDEX('Таможенные документы'!I:I,MATCH(A45,'Таможенные документы'!A:A,0)),IF(K45="Оформление экспортных грузов",INDEX('Экспортные грузы'!I:I,MATCH(A45,'Экспортные грузы'!A:A,0)),IF(K45="Терминальные операции",INDEX(Терминал!I:I,MATCH(A45,Терминал!A:A,0)),IF(K45="Документальное оформление ЖД грузов",INDEX('ЖД грузы'!I:I,MATCH(A45,'ЖД грузы'!A:A,0)),""))))),"") -> 0 | J45: =IFERROR(IF(K45="Обработка судовых документов",INDEX('Судовые документы'!J:J,MATCH(A45,'Судовые документы'!A:A,0)),IF(K45="Оформление таможенных документов",INDEX('Таможенные документы'!J:J,MATCH(A45,'Таможенные документы'!A:A,0)),IF(K45="Оформление экспортных грузов",INDEX('Экспортные грузы'!J:J,MATCH(A45,'Экспортные грузы'!A:A,0)),IF(K45="Терминальные операции",INDEX(Терминал!J:J,MATCH(A45,Терминал!A:A,0)),IF(K45="Документальное оформление ЖД грузов",INDEX('ЖД грузы'!J:J,MATCH(A45,'ЖД грузы'!A:A,0)),""))))),"") -> Нет | K45: Документальное оформление ЖД грузов | L45: =IFERROR(IF(K45="Обработка судовых документов",INDEX('Судовые документы'!L:L,MATCH(A45,'Судовые документы'!A:A,0)),IF(K45="Оформление таможенных документов",INDEX('Таможенные документы'!L:L,MATCH(A45,'Таможенные документы'!A:A,0)),IF(K45="Оформление экспортных грузов",INDEX('Экспортные грузы'!L:L,MATCH(A45,'Экспортные грузы'!A:A,0)),IF(K45="Терминальные операции",INDEX(Терминал!L:L,MATCH(A45,Терминал!A:A,0)),IF(K45="Документальное оформление ЖД грузов",INDEX('ЖД грузы'!L:L,MATCH(A45,'ЖД грузы'!A:A,0)),""))))),"") -> Средний | M45: =IFERROR(IF(K45="Обработка судовых документов",INDEX('Судовые документы'!K:K,MATCH(A45,'Судовые документы'!A:A,0)),IF(K45="Оформление таможенных документов",INDEX('Таможенные документы'!K:K,MATCH(A45,'Таможенные документы'!A:A,0)),IF(K45="Оформление экспортных грузов",INDEX('Экспортные грузы'!K:K,MATCH(A45,'Экспортные грузы'!A:A,0)),IF(K45="Терминальные операции",INDEX(Терминал!K:K,MATCH(A45,Терминал!A:A,0)),IF(K45="Документальное оформление ЖД грузов",INDEX('ЖД грузы'!K:K,MATCH(A45,'ЖД грузы'!A:A,0)),""))))),"") -> 0
A46: ='ЖД грузы'!A10 -> 38 | B46: ='ЖД грузы'!B10 -> #3895614 | C46: ='ЖД грузы'!C10 -> Фиксация годности/брака платформ в СОЛВО | D46: =IFERROR(IF(K46="Обработка судовых документов",INDEX('Судовые документы'!D:D,MATCH(A46,'Судовые документы'!A:A,0)),IF(K46="Оформление таможенных документов",INDEX('Таможенные документы'!D:D,MATCH(A46,'Таможенные документы'!A:A,0)),IF(K46="Оформление экспортных грузов",INDEX('Экспортные грузы'!D:D,MATCH(A46,'Экспортные грузы'!A:A,0)),IF(K46="Терминальные операции",INDEX(Терминал!D:D,MATCH(A46,Терминал!A:A,0)),IF(K46="Документальное оформление ЖД грузов",INDEX('ЖД грузы'!D:D,MATCH(A46,'ЖД грузы'!A:A,0)),""))))),"") -> Фиксация годности/брака платформ и блок погрузки бракованных платформ | E46: =IFERROR(IF(K46="Обработка судовых документов",INDEX('Судовые документы'!E:E,MATCH(A46,'Судовые документы'!A:A,0)),IF(K46="Оформление таможенных документов",INDEX('Таможенные документы'!E:E,MATCH(A46,'Таможенные документы'!A:A,0)),IF(K46="Оформление экспортных грузов",INDEX('Экспортные грузы'!E:E,MATCH(A46,'Экспортные грузы'!A:A,0)),IF(K46="Терминальные операции",INDEX(Терминал!E:E,MATCH(A46,Терминал!A:A,0)),IF(K46="Документальное оформление ЖД грузов",INDEX('ЖД грузы'!E:E,MATCH(A46,'ЖД грузы'!A:A,0)),""))))),"") -> 2026 | F46: =IFERROR(IF(K46="Обработка судовых документов",INDEX('Судовые документы'!F:F,MATCH(A46,'Судовые документы'!A:A,0)),IF(K46="Оформление таможенных документов",INDEX('Таможенные документы'!F:F,MATCH(A46,'Таможенные документы'!A:A,0)),IF(K46="Оформление экспортных грузов",INDEX('Экспортные грузы'!F:F,MATCH(A46,'Экспортные грузы'!A:A,0)),IF(K46="Терминальные операции",INDEX(Терминал!F:F,MATCH(A46,Терминал!A:A,0)),IF(K46="Документальное оформление ЖД грузов",INDEX('ЖД грузы'!F:F,MATCH(A46,'ЖД грузы'!A:A,0)),""))))),"") -> В работе | G46: =IFERROR(IF(K46="Обработка судовых документов",INDEX('Судовые документы'!G:G,MATCH(A46,'Судовые документы'!A:A,0)),IF(K46="Оформление таможенных документов",INDEX('Таможенные документы'!G:G,MATCH(A46,'Таможенные документы'!A:A,0)),IF(K46="Оформление экспортных грузов",INDEX('Экспортные грузы'!G:G,MATCH(A46,'Экспортные грузы'!A:A,0)),IF(K46="Терминальные операции",INDEX(Терминал!G:G,MATCH(A46,Терминал!A:A,0)),IF(K46="Документальное оформление ЖД грузов",INDEX('ЖД грузы'!G:G,MATCH(A46,'ЖД грузы'!A:A,0)),""))))),"") -> Тестирование | H46: =IFERROR(IF(K46="Обработка судовых документов",INDEX('Судовые документы'!H:H,MATCH(A46,'Судовые документы'!A:A,0)),IF(K46="Оформление таможенных документов",INDEX('Таможенные документы'!H:H,MATCH(A46,'Таможенные документы'!A:A,0)),IF(K46="Оформление экспортных грузов",INDEX('Экспортные грузы'!H:H,MATCH(A46,'Экспортные грузы'!A:A,0)),IF(K46="Терминальные операции",INDEX(Терминал!H:H,MATCH(A46,Терминал!A:A,0)),IF(K46="Документальное оформление ЖД грузов",INDEX('ЖД грузы'!H:H,MATCH(A46,'ЖД грузы'!A:A,0)),""))))),"") -> 7.4.10 | I46: =IFERROR(IF(K46="Обработка судовых документов",INDEX('Судовые документы'!I:I,MATCH(A46,'Судовые документы'!A:A,0)),IF(K46="Оформление таможенных документов",INDEX('Таможенные документы'!I:I,MATCH(A46,'Таможенные документы'!A:A,0)),IF(K46="Оформление экспортных грузов",INDEX('Экспортные грузы'!I:I,MATCH(A46,'Экспортные грузы'!A:A,0)),IF(K46="Терминальные операции",INDEX(Терминал!I:I,MATCH(A46,Терминал!A:A,0)),IF(K46="Документальное оформление ЖД грузов",INDEX('ЖД грузы'!I:I,MATCH(A46,'ЖД грузы'!A:A,0)),""))))),"") -> 175 | J46: =IFERROR(IF(K46="Обработка судовых документов",INDEX('Судовые документы'!J:J,MATCH(A46,'Судовые документы'!A:A,0)),IF(K46="Оформление таможенных документов",INDEX('Таможенные документы'!J:J,MATCH(A46,'Таможенные документы'!A:A,0)),IF(K46="Оформление экспортных грузов",INDEX('Экспортные грузы'!J:J,MATCH(A46,'Экспортные грузы'!A:A,0)),IF(K46="Терминальные операции",INDEX(Терминал!J:J,MATCH(A46,Терминал!A:A,0)),IF(K46="Документальное оформление ЖД грузов",INDEX('ЖД грузы'!J:J,MATCH(A46,'ЖД грузы'!A:A,0)),""))))),"") -> Да | K46: Документальное оформление ЖД грузов | L46: =IFERROR(IF(K46="Обработка судовых документов",INDEX('Судовые документы'!L:L,MATCH(A46,'Судовые документы'!A:A,0)),IF(K46="Оформление таможенных документов",INDEX('Таможенные документы'!L:L,MATCH(A46,'Таможенные документы'!A:A,0)),IF(K46="Оформление экспортных грузов",INDEX('Экспортные грузы'!L:L,MATCH(A46,'Экспортные грузы'!A:A,0)),IF(K46="Терминальные операции",INDEX(Терминал!L:L,MATCH(A46,Терминал!A:A,0)),IF(K46="Документальное оформление ЖД грузов",INDEX('ЖД грузы'!L:L,MATCH(A46,'ЖД грузы'!A:A,0)),""))))),"") -> Средний | M46: =IFERROR(IF(K46="Обработка судовых документов",INDEX('Судовые документы'!K:K,MATCH(A46,'Судовые документы'!A:A,0)),IF(K46="Оформление таможенных документов",INDEX('Таможенные документы'!K:K,MATCH(A46,'Таможенные документы'!A:A,0)),IF(K46="Оформление экспортных грузов",INDEX('Экспортные грузы'!K:K,MATCH(A46,'Экспортные грузы'!A:A,0)),IF(K46="Терминальные операции",INDEX(Терминал!K:K,MATCH(A46,Терминал!A:A,0)),IF(K46="Документальное оформление ЖД грузов",INDEX('ЖД грузы'!K:K,MATCH(A46,'ЖД грузы'!A:A,0)),""))))),"") -> 0
A47: ='ЖД грузы'!A11 -> 39 | B47: ='ЖД грузы'!B11 -> 4SC-RQ-CR-973 #3983805 | C47: ='ЖД грузы'!C11 -> Права на изменение типа тамож. документа в ЖД накладных | D47: =IFERROR(IF(K47="Обработка судовых документов",INDEX('Судовые документы'!D:D,MATCH(A47,'Судовые документы'!A:A,0)),IF(K47="Оформление таможенных документов",INDEX('Таможенные документы'!D:D,MATCH(A47,'Таможенные документы'!A:A,0)),IF(K47="Оформление экспортных грузов",INDEX('Экспортные грузы'!D:D,MATCH(A47,'Экспортные грузы'!A:A,0)),IF(K47="Терминальные операции",INDEX(Терминал!D:D,MATCH(A47,Терминал!A:A,0)),IF(K47="Документальное оформление ЖД грузов",INDEX('ЖД грузы'!D:D,MATCH(A47,'ЖД грузы'!A:A,0)),""))))),"") -> Возможность изменить тип таможенного документа (ГТД, ВТТ) сотрудниками ЖД группы | E47: =IFERROR(IF(K47="Обработка судовых документов",INDEX('Судовые документы'!E:E,MATCH(A47,'Судовые документы'!A:A,0)),IF(K47="Оформление таможенных документов",INDEX('Таможенные документы'!E:E,MATCH(A47,'Таможенные документы'!A:A,0)),IF(K47="Оформление экспортных грузов",INDEX('Экспортные грузы'!E:E,MATCH(A47,'Экспортные грузы'!A:A,0)),IF(K47="Терминальные операции",INDEX(Терминал!E:E,MATCH(A47,Терминал!A:A,0)),IF(K47="Документальное оформление ЖД грузов",INDEX('ЖД грузы'!E:E,MATCH(A47,'ЖД грузы'!A:A,0)),""))))),"") -> 2026 | F47: =IFERROR(IF(K47="Обработка судовых документов",INDEX('Судовые документы'!F:F,MATCH(A47,'Судовые документы'!A:A,0)),IF(K47="Оформление таможенных документов",INDEX('Таможенные документы'!F:F,MATCH(A47,'Таможенные документы'!A:A,0)),IF(K47="Оформление экспортных грузов",INDEX('Экспортные грузы'!F:F,MATCH(A47,'Экспортные грузы'!A:A,0)),IF(K47="Терминальные операции",INDEX(Терминал!F:F,MATCH(A47,Терминал!A:A,0)),IF(K47="Документальное оформление ЖД грузов",INDEX('ЖД грузы'!F:F,MATCH(A47,'ЖД грузы'!A:A,0)),""))))),"") -> В работе | G47: =IFERROR(IF(K47="Обработка судовых документов",INDEX('Судовые документы'!G:G,MATCH(A47,'Судовые документы'!A:A,0)),IF(K47="Оформление таможенных документов",INDEX('Таможенные документы'!G:G,MATCH(A47,'Таможенные документы'!A:A,0)),IF(K47="Оформление экспортных грузов",INDEX('Экспортные грузы'!G:G,MATCH(A47,'Экспортные грузы'!A:A,0)),IF(K47="Терминальные операции",INDEX(Терминал!G:G,MATCH(A47,Терминал!A:A,0)),IF(K47="Документальное оформление ЖД грузов",INDEX('ЖД грузы'!G:G,MATCH(A47,'ЖД грузы'!A:A,0)),""))))),"") -> Ожидает рассмотрения | H47: =IFERROR(IF(K47="Обработка судовых документов",INDEX('Судовые документы'!H:H,MATCH(A47,'Судовые документы'!A:A,0)),IF(K47="Оформление таможенных документов",INDEX('Таможенные документы'!H:H,MATCH(A47,'Таможенные документы'!A:A,0)),IF(K47="Оформление экспортных грузов",INDEX('Экспортные грузы'!H:H,MATCH(A47,'Экспортные грузы'!A:A,0)),IF(K47="Терминальные операции",INDEX(Терминал!H:H,MATCH(A47,Терминал!A:A,0)),IF(K47="Документальное оформление ЖД грузов",INDEX('ЖД грузы'!H:H,MATCH(A47,'ЖД грузы'!A:A,0)),""))))),"") -> 7.4.11 | I47: =IFERROR(IF(K47="Обработка судовых документов",INDEX('Судовые документы'!I:I,MATCH(A47,'Судовые документы'!A:A,0)),IF(K47="Оформление таможенных документов",INDEX('Таможенные документы'!I:I,MATCH(A47,'Таможенные документы'!A:A,0)),IF(K47="Оформление экспортных грузов",INDEX('Экспортные грузы'!I:I,MATCH(A47,'Экспортные грузы'!A:A,0)),IF(K47="Терминальные операции",INDEX(Терминал!I:I,MATCH(A47,Терминал!A:A,0)),IF(K47="Документальное оформление ЖД грузов",INDEX('ЖД грузы'!I:I,MATCH(A47,'ЖД грузы'!A:A,0)),""))))),"") -> 0 | J47: =IFERROR(IF(K47="Обработка судовых документов",INDEX('Судовые документы'!J:J,MATCH(A47,'Судовые документы'!A:A,0)),IF(K47="Оформление таможенных документов",INDEX('Таможенные документы'!J:J,MATCH(A47,'Таможенные документы'!A:A,0)),IF(K47="Оформление экспортных грузов",INDEX('Экспортные грузы'!J:J,MATCH(A47,'Экспортные грузы'!A:A,0)),IF(K47="Терминальные операции",INDEX(Терминал!J:J,MATCH(A47,Терминал!A:A,0)),IF(K47="Документальное оформление ЖД грузов",INDEX('ЖД грузы'!J:J,MATCH(A47,'ЖД грузы'!A:A,0)),""))))),"") -> Нет | K47: Документальное оформление ЖД грузов | L47: =IFERROR(IF(K47="Обработка судовых документов",INDEX('Судовые документы'!L:L,MATCH(A47,'Судовые документы'!A:A,0)),IF(K47="Оформление таможенных документов",INDEX('Таможенные документы'!L:L,MATCH(A47,'Таможенные документы'!A:A,0)),IF(K47="Оформление экспортных грузов",INDEX('Экспортные грузы'!L:L,MATCH(A47,'Экспортные грузы'!A:A,0)),IF(K47="Терминальные операции",INDEX(Терминал!L:L,MATCH(A47,Терминал!A:A,0)),IF(K47="Документальное оформление ЖД грузов",INDEX('ЖД грузы'!L:L,MATCH(A47,'ЖД грузы'!A:A,0)),""))))),"") -> Средний | M47: =IFERROR(IF(K47="Обработка судовых документов",INDEX('Судовые документы'!K:K,MATCH(A47,'Судовые документы'!A:A,0)),IF(K47="Оформление таможенных документов",INDEX('Таможенные документы'!K:K,MATCH(A47,'Таможенные документы'!A:A,0)),IF(K47="Оформление экспортных грузов",INDEX('Экспортные грузы'!K:K,MATCH(A47,'Экспортные грузы'!A:A,0)),IF(K47="Терминальные операции",INDEX(Терминал!K:K,MATCH(A47,Терминал!A:A,0)),IF(K47="Документальное оформление ЖД грузов",INDEX('ЖД грузы'!K:K,MATCH(A47,'ЖД грузы'!A:A,0)),""))))),"") -> 0
A48: ='ЖД грузы'!A12 -> 40 | B48: ='ЖД грузы'!B12 -> 4SC-RQ-CR-996 #3735739 | C48: ='ЖД грузы'!C12 -> ЖДН — АС ЭТРАН: добавить поле ID накладной | D48: =IFERROR(IF(K48="Обработка судовых документов",INDEX('Судовые документы'!D:D,MATCH(A48,'Судовые документы'!A:A,0)),IF(K48="Оформление таможенных документов",INDEX('Таможенные документы'!D:D,MATCH(A48,'Таможенные документы'!A:A,0)),IF(K48="Оформление экспортных грузов",INDEX('Экспортные грузы'!D:D,MATCH(A48,'Экспортные грузы'!A:A,0)),IF(K48="Терминальные операции",INDEX(Терминал!D:D,MATCH(A48,Терминал!A:A,0)),IF(K48="Документальное оформление ЖД грузов",INDEX('ЖД грузы'!D:D,MATCH(A48,'ЖД грузы'!A:A,0)),""))))),"") -> Добавить поле ID накладной при загрузке ЖДН для исключения ошибки дублирования | E48: =IFERROR(IF(K48="Обработка судовых документов",INDEX('Судовые документы'!E:E,MATCH(A48,'Судовые документы'!A:A,0)),IF(K48="Оформление таможенных документов",INDEX('Таможенные документы'!E:E,MATCH(A48,'Таможенные документы'!A:A,0)),IF(K48="Оформление экспортных грузов",INDEX('Экспортные грузы'!E:E,MATCH(A48,'Экспортные грузы'!A:A,0)),IF(K48="Терминальные операции",INDEX(Терминал!E:E,MATCH(A48,Терминал!A:A,0)),IF(K48="Документальное оформление ЖД грузов",INDEX('ЖД грузы'!E:E,MATCH(A48,'ЖД грузы'!A:A,0)),""))))),"") -> 2026 | F48: =IFERROR(IF(K48="Обработка судовых документов",INDEX('Судовые документы'!F:F,MATCH(A48,'Судовые документы'!A:A,0)),IF(K48="Оформление таможенных документов",INDEX('Таможенные документы'!F:F,MATCH(A48,'Таможенные документы'!A:A,0)),IF(K48="Оформление экспортных грузов",INDEX('Экспортные грузы'!F:F,MATCH(A48,'Экспортные грузы'!A:A,0)),IF(K48="Терминальные операции",INDEX(Терминал!F:F,MATCH(A48,Терминал!A:A,0)),IF(K48="Документальное оформление ЖД грузов",INDEX('ЖД грузы'!F:F,MATCH(A48,'ЖД грузы'!A:A,0)),""))))),"") -> В работе | G48: =IFERROR(IF(K48="Обработка судовых документов",INDEX('Судовые документы'!G:G,MATCH(A48,'Судовые документы'!A:A,0)),IF(K48="Оформление таможенных документов",INDEX('Таможенные документы'!G:G,MATCH(A48,'Таможенные документы'!A:A,0)),IF(K48="Оформление экспортных грузов",INDEX('Экспортные грузы'!G:G,MATCH(A48,'Экспортные грузы'!A:A,0)),IF(K48="Терминальные операции",INDEX(Терминал!G:G,MATCH(A48,Терминал!A:A,0)),IF(K48="Документальное оформление ЖД грузов",INDEX('ЖД грузы'!G:G,MATCH(A48,'ЖД грузы'!A:A,0)),""))))),"") -> Ожидает рассмотрения | H48: =IFERROR(IF(K48="Обработка судовых документов",INDEX('Судовые документы'!H:H,MATCH(A48,'Судовые документы'!A:A,0)),IF(K48="Оформление таможенных документов",INDEX('Таможенные документы'!H:H,MATCH(A48,'Таможенные документы'!A:A,0)),IF(K48="Оформление экспортных грузов",INDEX('Экспортные грузы'!H:H,MATCH(A48,'Экспортные грузы'!A:A,0)),IF(K48="Терминальные операции",INDEX(Терминал!H:H,MATCH(A48,Терминал!A:A,0)),IF(K48="Документальное оформление ЖД грузов",INDEX('ЖД грузы'!H:H,MATCH(A48,'ЖД грузы'!A:A,0)),""))))),"") -> 7.4.11 | I48: =IFERROR(IF(K48="Обработка судовых документов",INDEX('Судовые документы'!I:I,MATCH(A48,'Судовые документы'!A:A,0)),IF(K48="Оформление таможенных документов",INDEX('Таможенные документы'!I:I,MATCH(A48,'Таможенные документы'!A:A,0)),IF(K48="Оформление экспортных грузов",INDEX('Экспортные грузы'!I:I,MATCH(A48,'Экспортные грузы'!A:A,0)),IF(K48="Терминальные операции",INDEX(Терминал!I:I,MATCH(A48,Терминал!A:A,0)),IF(K48="Документальное оформление ЖД грузов",INDEX('ЖД грузы'!I:I,MATCH(A48,'ЖД грузы'!A:A,0)),""))))),"") -> 0 | J48: =IFERROR(IF(K48="Обработка судовых документов",INDEX('Судовые документы'!J:J,MATCH(A48,'Судовые документы'!A:A,0)),IF(K48="Оформление таможенных документов",INDEX('Таможенные документы'!J:J,MATCH(A48,'Таможенные документы'!A:A,0)),IF(K48="Оформление экспортных грузов",INDEX('Экспортные грузы'!J:J,MATCH(A48,'Экспортные грузы'!A:A,0)),IF(K48="Терминальные операции",INDEX(Терминал!J:J,MATCH(A48,Терминал!A:A,0)),IF(K48="Документальное оформление ЖД грузов",INDEX('ЖД грузы'!J:J,MATCH(A48,'ЖД грузы'!A:A,0)),""))))),"") -> Нет | K48: Документальное оформление ЖД грузов | L48: =IFERROR(IF(K48="Обработка судовых документов",INDEX('Судовые документы'!L:L,MATCH(A48,'Судовые документы'!A:A,0)),IF(K48="Оформление таможенных документов",INDEX('Таможенные документы'!L:L,MATCH(A48,'Таможенные документы'!A:A,0)),IF(K48="Оформление экспортных грузов",INDEX('Экспортные грузы'!L:L,MATCH(A48,'Экспортные грузы'!A:A,0)),IF(K48="Терминальные операции",INDEX(Терминал!L:L,MATCH(A48,Терминал!A:A,0)),IF(K48="Документальное оформление ЖД грузов",INDEX('ЖД грузы'!L:L,MATCH(A48,'ЖД грузы'!A:A,0)),""))))),"") -> Средний | M48: =IFERROR(IF(K48="Обработка судовых документов",INDEX('Судовые документы'!K:K,MATCH(A48,'Судовые документы'!A:A,0)),IF(K48="Оформление таможенных документов",INDEX('Таможенные документы'!K:K,MATCH(A48,'Таможенные документы'!A:A,0)),IF(K48="Оформление экспортных грузов",INDEX('Экспортные грузы'!K:K,MATCH(A48,'Экспортные грузы'!A:A,0)),IF(K48="Терминальные операции",INDEX(Терминал!K:K,MATCH(A48,Терминал!A:A,0)),IF(K48="Документальное оформление ЖД грузов",INDEX('ЖД грузы'!K:K,MATCH(A48,'ЖД грузы'!A:A,0)),""))))),"") -> 0
